time,open,high,low,close,volume,atr,Tankan_sen,Kijun_sen,ssl_up,ssl_down,bull_ema,bear_ema,aroon_up,aroon_down,deadzone,trend_up,trend_down,e1,trend_up_color,trend_down_color
2026-08-20 13:30:00,410.04,410.55,410.04,410.135,113831,,,,,,,,,,1.8869999999999665,,,,green,red
2026-08-20 13:31:00,410.115,410.43,409.9,409.98,51828,,,,,,,,,,1.887739999999968,0.0,1.1128205128176205,,green,red
2026-08-20 13:32:00,410.01,410.295,409.82,410.2,24259,,,,,,,,,,1.8864375999999692,0.720300971580059,-0.0,,green,orange
2026-08-20 13:33:00,410.22,410.4722,409.92,410.37,36058,,,,,,,,,,1.8880046239999684,1.789324345728005,-0.0,,green,red
2026-08-20 13:34:00,410.3993,410.48,410.26,410.43,23992,,,,,,,,,,1.8772645777599697,1.8167435209591076,-0.0,,green,red
2026-08-20 13:35:00,410.45,411.37,410.32,411.17,143076,,,,,,,,,,1.8973419319823703,6.699573432941293,-0.0,,green,red
2026-08-20 13:36:00,411.15,411.335,411.0,411.085,35579,,,,,,,,,,1.8907635126625455,4.525727085538165,-0.0,,lime,red
2026-08-20 13:37:00,411.08,411.25,410.76,411.06,40967,,,,,,,,,,1.8899858775359206,3.2017651086920296,-0.0,,lime,red
2026-08-20 13:38:00,411.0375,411.37,410.99,411.2301,57700,,410.595,,,,,,,,1.885146018760561,3.5287035586213733,-0.0,,green,red
2026-08-20 13:39:00,411.2562,411.455,411.06,411.17,36224,,410.6375,,410.90072,410.407,,,,,1.880909558572955,2.09192082216191,-0.0,,lime,red
2026-08-20 13:40:00,411.2,411.2,410.72,410.8,37664,,410.6375,,410.96572,410.475,,,90.0,20.0,1.8798604629872238,0.0,1.2825262884348376,,lime,red
2026-08-20 13:41:00,410.79,411.31,410.62,411.3,19580,,410.6875,,411.05372,410.547,,,80.0,10.0,1.8865918583573515,2.334445648152723,-0.0,,green,orange
2026-08-20 13:42:00,411.32,411.429,411.15,411.335,25121,,410.85749999999996,,411.16711999999995,410.68,0.15507272727272411,0.07693818181818002,70.0,0.0,1.878048939773778,1.803190662304246,-0.0,,lime,red
2026-08-20 13:43:00,411.335,411.56,411.3,411.43,33298,0.4747285714285689,410.94,,411.2759,410.81800000000004,0.1503587878787855,0.06664848484848322,100.0,0.0,1.86888845037604,1.7971852954713086,-0.0,,lime,red
2026-08-20 13:44:00,411.46,411.49,411.38,411.46,31258,0.446157142857142,411.09000000000003,,411.37690000000003,410.93,0.1295690909090869,0.056828484848483296,90.0,0.0,1.8542695658722796,1.3053328252181018,-0.0,,lime,red
2026-08-20 13:45:00,411.47,411.7,411.33,411.36,35432,0.43472857142856874,411.15999999999997,,411.4099,411.03100000000006,0.10521878787878336,0.05609939393938937,100.0,0.0,1.8494168702135572,0.0,0.02823059534875938,,lime,red
2026-08-20 13:46:00,411.324,411.52,411.16,411.22,24248,0.42651428571427835,411.15999999999997,,411.42839999999995,411.047,0.08421696969696492,0.06415818181817434,90.0,50.0,1.8442427015114198,0.0,1.3599030120923317,,green,red
2026-08-20 13:47:00,411.16,411.21,410.92,411.15,21492,0.40849999999999553,411.15999999999997,,411.4244,411.063,0.06688181818181413,0.07020181818181444,80.0,40.0,1.836900274496306,0.0,1.8851745293466138,,green,red
2026-08-20 13:48:00,411.13,411.2,410.93,411.11,14564,0.4120714285714208,411.15999999999997,,411.40739999999994,411.0570000000001,0.0517890909090876,0.06944242424242061,70.0,30.0,1.8285212717513422,0.0,2.0598439570579785,,green,red
2026-08-20 13:49:00,411.095,411.21,410.85,411.03,21131,0.36278571428570267,411.15999999999997,,411.03599999999994,411.38289999999995,0.038242727272724625,0.06757696969696994,60.0,20.0,1.8235560590338271,0.0,2.460398705749185,1.852838393725392,green,red
2026-08-20 13:50:00,411.03,411.13,410.89,411.09,21368,0.3559999999999905,411.275,,411.053,411.3759,0.03118181818181635,0.05939424242424431,50.0,10.0,1.814200498443489,0.0,1.7410567144997913,1.6881197786137818,green,orange
2026-08-20 13:51:00,411.1,411.11,410.96,411.0009,5938,0.33171428571427797,411.275,,411.087,411.3558999999999,0.022272727272726136,0.05879696969697046,40.0,0.0,1.8016084934590553,0.0,2.228090120616457,1.3897661355704258,green,red
2026-08-20 13:52:00,411.0,411.34,410.95,411.34,24048,0.332428571428563,411.275,,411.067,411.34700000000004,0.046554545454542524,0.05444757575757501,30.0,70.0,1.7980224085244643,0.48997875061104423,-0.0,1.1571663283980342,green,orange
2026-08-20 13:53:00,411.37,411.403,411.09,411.09,8122,0.3265714285714247,411.275,,411.046,411.3313,0.05882636363635959,0.07070666666666538,20.0,60.0,1.7916231844392214,0.0,1.6154998118202002,0.9273531184585408,lime,red
2026-08-20 13:54:00,411.09,411.34,410.9801,411.335,13941,0.31799285714285475,411.185,,411.31629999999996,411.00600999999995,0.08363090909090537,0.0741472727272718,10.0,50.0,1.7870232525948284,0.3071651299956102,-0.0,0.6544963640274091,green,orange
2026-08-20 13:55:00,411.34,411.41,411.07,411.13,26676,0.29299285714285717,411.13,410.76,411.28729999999996,410.98000999999994,0.08843515151514862,0.08713333333333133,0.0,40.0,1.7817330200688812,0.0,1.420743136444571,0.6564132331317296,lime,red
2026-08-20 13:56:00,411.15,411.22,410.98,411.0,25978,0.29020714285714383,411.13,410.76,411.25730000000004,410.96201,0.0847999999999977,0.09643757575757256,0.0,30.0,1.7727956898681927,0.0,2.2198650758355143,0.671684618974723,green,red
2026-08-20 13:57:00,411.0,411.05,410.86,410.86,17412,0.28520714285714427,411.13,410.76,410.95601,411.2413,0.07308909090908897,0.107772121212116,80.0,20.0,1.7620977329695107,0.0,2.892455027482015,0.7240661615588806,green,red
2026-08-20 13:58:00,410.85,411.03,410.69,410.98,25666,0.30163571428571295,411.05,410.81,410.93201,411.2243,0.07228727272727155,0.10381878787878218,70.0,100.0,1.7570567556398144,0.0,1.5197838496828808,0.7415254090113876,green,orange
2026-08-20 13:59:00,410.99,410.99,410.795,410.93,53971,0.28913571428571216,411.05,410.98,410.92650999999995,411.20230000000004,0.06675818181818123,0.09619878787878332,60.0,90.0,1.746701188083416,0.0,1.6475225696416373,0.7692294268662181,green,red
2026-08-20 14:00:00,410.94,411.59,410.935,411.53,24256,0.3105642857142844,411.14,411.01,411.24830000000003,410.93100999999996,0.11141090909090584,0.08312424242423927,100.0,80.0,1.7536541762025806,2.9378390892924244,-0.0,0.7685938326435462,green,orange
2026-08-20 14:01:00,411.565,411.72,411.44,411.555,21246,0.30913571428571424,411.20500000000004,411.17,411.3093,410.97901,0.13124545454545292,0.06883757575757377,100.0,70.0,1.746477634440556,2.368674131608941,-0.0,0.8321995557739683,lime,red
2026-08-20 14:02:00,411.635,411.8,411.495,411.51,26105,0.31163571428571607,411.245,411.21000000000004,411.3553,411.03351000000004,0.12864060606060598,0.058027575757575854,100.0,60.0,1.7402978580961506,1.393189630497318,-0.0,0.8705114622413248,lime,red
2026-08-20 14:03:00,411.52,411.52,411.12,411.22,17433,0.31449285714286035,411.245,411.21000000000004,411.367,411.03651,0.10839121212121328,0.07234848484848296,90.0,50.0,1.737694879515188,0.0,1.1459300171577524,0.8447982104738685,lime,red
2026-08-20 14:04:00,411.21,411.28,411.04,411.13,9217,0.3144928571428563,411.245,411.21000000000004,411.361,411.0425,0.08936363636363742,0.08433333333333311,80.0,40.0,1.7291979307200345,0.0,1.6863123050154627,0.8084211875129768,green,red
2026-08-20 14:05:00,411.11,411.12,410.99,410.99,14095,0.3137785714285672,411.245,411.21000000000004,411.03450000000004,411.332,0.07359090909091003,0.09496969696969672,70.0,30.0,1.7170859514128336,0.0,2.4494458661001772,0.8062193874067134,green,red
2026-08-20 14:06:00,410.98,411.4,410.86,411.14,15849,0.32449285714285125,411.245,411.21000000000004,411.02250000000004,411.35,0.07293939393939271,0.08977272727272745,60.0,20.0,1.7198950918987037,0.0,0.937377335714018,0.8043827156659518,green,orange
2026-08-20 14:07:00,411.11,411.22,410.94,411.2,9322,0.3221357142857073,411.2975,411.245,411.0305,411.367,0.0725757575757553,0.0789090909090908,50.0,10.0,1.7130561409797178,0.0,0.3881797425475497,0.8053089473180535,green,orange
2026-08-20 14:08:00,411.22,411.3411,411.16,411.3,7709,0.30936428571427704,411.33000000000004,411.245,411.07750000000004,411.39811,0.07348484848484797,0.06606060606060592,40.0,0.0,1.702626279569919,0.33370645998957116,-0.0,0.8135527645030152,green,orange
2026-08-20 14:09:00,411.27,411.43,410.35,411.27,493250,0.3622214285714165,411.07500000000005,411.07500000000005,411.033,411.44210999999996,0.06436363636363741,0.05718181818182061,30.0,100.0,1.7255600167742193,0.0,0.03784943785717587,0.8075573407040793,lime,red
2026-08-20 14:10:00,411.25,411.4,411.1,411.395,40340,0.3665071428571269,411.07500000000005,411.07500000000005,411.04949999999997,411.42311,0.06169696969697145,0.048000000000003894,20.0,90.0,1.7194044166064755,0.7842973594222258,-0.0,0.824811592903643,green,orange
2026-08-20 14:11:00,411.4,411.6,411.15,411.4,30015,0.38507857142855884,410.975,411.07500000000005,411.02049999999997,411.41111,0.057045454545455544,0.038030303030307376,10.0,80.0,1.7188603724404123,0.5579531423711614,-0.0,0.8228442328761503,lime,red
2026-08-20 14:12:00,411.39,411.5,411.36,411.45,23428,0.3707928571428454,410.975,411.07500000000005,411.38111,411.00700000000006,0.05606060606060761,0.027212121212125056,0.0,70.0,1.7068517687160076,0.6973364122865178,-0.0,0.842534397235454,green,red
2026-08-20 14:13:00,411.47,411.635,411.25,411.25,25947,0.3843642857142738,410.9925,411.07500000000005,411.39261,411.02,0.05072727272727465,0.03498484848485094,100.0,60.0,1.7040282510288471,0.0,0.9962788196884276,0.8337328866695088,lime,red
2026-08-20 14:14:00,411.23,411.32,411.13,411.22,33016,0.3507928571428473,410.9925,411.07500000000005,411.39661000000007,411.029,0.04348484848485062,0.040515151515150324,90.0,50.0,1.6940179685185586,0.0,1.0913189151671077,0.8277146724240083,green,red
2026-08-20 14:15:00,411.235,411.41,411.125,411.4,52798,0.35114999999998986,410.9925,411.07500000000005,411.42560999999995,411.0425,0.05093939393939136,0.040303030303027065,80.0,40.0,1.687622788833374,0.3543484620530535,-0.0,0.8373416582435311,green,orange
2026-08-20 14:16:00,411.39,411.45,411.22,411.45,24295,0.34579285714284375,410.9925,411.07500000000005,411.43061,411.07849999999996,0.05584848484848056,0.035030303030299074,70.0,30.0,1.6792565609450387,0.5496223506168008,-0.0,0.826981830130876,green,red
2026-08-20 14:17:00,411.47,411.64,411.33,411.47,22569,0.3393642857142741,410.995,411.07500000000005,411.47261,411.1175,0.055424242424241106,0.02987878787878413,100.0,20.0,1.6739339953355887,0.48096659549287324,-0.0,0.7560813100230916,lime,red
2026-08-20 14:18:00,411.48,411.6,411.42,411.49,28177,0.33507857142856373,411.37,411.07500000000005,411.4985,411.1435,0.049666666666666276,0.025151515151511566,90.0,10.0,1.663854655382233,0.42169537316397054,-0.0,0.7168645177713415,lime,red
2026-08-20 14:19:00,411.48,411.485,410.96,410.98,33892,0.36293571428570964,411.29999999999995,411.07500000000005,411.2045,411.504,0.04245454545454508,0.06678787878787454,80.0,0.0,1.6668261088284118,0.0,3.434676044598177,0.6953227194676401,lime,red
2026-08-20 14:20:00,410.98,411.445,410.94,411.445,32509,0.3604357142857119,411.28999999999996,411.07500000000005,411.18850000000003,411.5085,0.0769090909090878,0.08860606060605632,70.0,100.0,1.6688428477401274,0.5830919448374061,-0.0,0.6773718562034219,green,orange
2026-08-20 14:21:00,411.45,411.77,411.38,411.59,41079,0.3682928571428517,411.355,411.07500000000005,411.5255,411.2115,0.10699999999999416,0.09206060606060225,100.0,90.0,1.6665844192627255,1.4268350483052927,-0.0,0.6885224454526906,green,red
2026-08-20 14:22:00,411.57,411.59,411.4,411.46,32408,0.36892857142856883,411.355,411.07500000000005,411.53450000000004,411.21549999999996,0.11527272727272027,0.09042424242423908,90.0,80.0,1.656948575070098,0.09726813451322869,-0.0,0.6779691034705593,lime,red
2026-08-20 14:23:00,411.4795,411.87,411.38,411.84,35530,0.32678571428571346,411.405,411.11,411.558,411.2285,0.13818181818181116,0.08366666666666396,100.0,70.0,1.6585090893193972,2.7160146478223623,-0.0,0.8188849928873196,green,red
2026-08-20 14:24:00,411.88,412.06,411.75,411.78,46842,0.3275000000000026,411.5,411.20500000000004,411.63199999999995,411.29049999999995,0.14160606060605443,0.07945454545454364,100.0,60.0,1.6533939984262034,1.5778130312043004,-0.0,0.8802535519871526,lime,red
2026-08-20 14:25:00,411.74,411.9,411.67,411.67,21547,0.3117857142857109,411.5,411.20500000000004,411.68100000000004,411.34499999999997,0.13136363636363124,0.08003030303029794,90.0,50.0,1.6453700584419402,0.30910449360931125,-0.0,0.838268892920496,lime,red
2026-08-20 14:26:00,411.69,411.71,411.499,411.6,27915,0.3168571428571373,411.5,411.20500000000004,411.707,411.37289999999996,0.11009090909090474,0.08124242424241666,80.0,40.0,1.636723357857519,0.0,0.40124099303000094,0.8141227115548872,lime,red
2026-08-20 14:27:00,411.6,411.6726,411.46,411.515,33565,0.30454285714285284,411.5,411.20500000000004,411.71026,411.38589999999994,0.09036363636363255,0.08151515151514645,70.0,30.0,1.6282223242789442,0.0,1.0608992404826267,0.7864878625193796,green,red
2026-08-20 14:28:00,411.48,411.77,411.37,411.62,30595,0.3195428571428514,411.5,411.20500000000004,411.72726,411.3809,0.08121212121211986,0.07222727272727042,60.0,20.0,1.6267401010361542,0.0,0.2015329187935322,0.7876006201352084,green,orange
2026-08-20 14:29:00,411.65,411.97,411.65,411.85,29874,0.32418571428570836,411.71500000000003,411.20500000000004,411.77576,411.44989999999996,0.08928787878788096,0.05751515151515089,50.0,10.0,1.6234227000257933,1.3714923522627487,-0.0,0.8361786512682556,green,orange
2026-08-20 14:30:00,411.835,412.2,411.835,412.03,17648,0.3338285714285689,411.78499999999997,411.275,411.85126,411.5394,0.10103030303030279,0.044606060606060344,100.0,0.0,1.6206934730255356,2.2293156574801287,-0.0,0.9571646726245717,green,red
2026-08-20 14:31:00,412.055,412.09,411.89,411.96,26581,0.3259714285714251,411.78499999999997,411.275,411.88325999999995,411.59040000000005,0.09810606060605837,0.041151515151514585,90.0,70.0,1.6118865382952798,1.0811223421092109,-0.0,1.024049752077758,lime,red
2026-08-20 14:32:00,411.99,412.16,411.99,412.1552,9339,0.3273999999999993,411.78499999999997,411.275,411.94026,411.64939999999996,0.10285151515151181,0.036484848484847864,80.0,60.0,1.6031676729123288,2.073220202234438,-0.0,1.1504764369569784,green,red
2026-08-20 14:33:00,412.155,412.385,412.08,412.37,23910,0.31132857142856907,411.8775,411.3675,411.99176,411.71939999999995,0.11572242424242356,0.03045454545454497,100.0,50.0,1.5984209961832057,2.9675963581462383,-0.0,1.2992719865949311,green,red
2026-08-20 14:34:00,412.375,412.375,412.1,412.1,16029,0.29489999999999633,411.8775,411.3675,412.02325999999994,411.7544,0.11692727272727362,0.04742424242424063,90.0,40.0,1.5926117862213727,0.15388427109087388,-0.0,1.2954106158167633,lime,red
2026-08-20 14:35:00,412.14,412.49,412.02,412.4,36283,0.300614285714285,411.93,411.71500000000003,412.08226,411.78939999999994,0.13339030303030044,0.05469696969696732,100.0,30.0,1.59407566835916,2.039963014607906,-0.0,1.411295869756259,green,red
2026-08-20 14:36:00,412.43,412.67,412.4,412.595,40423,0.3063285714285736,412.02,411.805,412.17826,411.8795,0.1497539393939388,0.05351515151514883,100.0,20.0,1.5881249116755696,2.740566440280645,-0.0,1.575983873278119,green,red
2026-08-20 14:37:00,412.61,412.72,412.31,412.34,22388,0.30061428571428905,412.185,411.83000000000004,412.283,411.96449999999993,0.14752666666666778,0.06800000000000206,100.0,10.0,1.5874136625588149,0.02747150096013229,-0.0,1.6160305463471332,lime,red
2026-08-20 14:38:00,412.32,412.392,412.25,412.34,15902,0.2886142857142886,412.27750000000003,411.83000000000004,412.34520000000003,412.05249999999995,0.12820848484848732,0.07396969696970186,90.0,0.0,1.5767935259332266,0.0,0.2677165170382523,1.6398791323849764,lime,red
2026-08-20 14:39:00,412.35,412.4,412.23,412.27,14265,0.28432857142857415,412.305,411.83000000000004,412.3882,412.11049999999994,0.10334484848485083,0.07775757575758117,80.0,0.0,1.567315590673893,0.0,0.9985023828050998,1.4355306190758483,green,red
2026-08-20 14:40:00,412.28,412.34,412.1137,412.32,15642,0.28542142857143304,412.355,411.83000000000004,412.4022,412.13837,0.08575393939394294,0.07054545454545912,70.0,0.0,1.5600155347671532,0.0,0.6981380054565989,1.3907482841559613,green,orange
2026-08-20 14:41:00,412.33,412.33,412.06,412.075,25529,0.2895214285714311,412.37,411.83000000000004,412.15537000000006,412.4262,0.06954181818182216,0.08306060606061044,60.0,0.0,1.554405379419481,0.0,2.572802518869821,1.3399296880171505,green,red
2026-08-20 14:42:00,412.085,412.5,412.08,412.47,20651,0.2913071428571478,412.37,411.83000000000004,412.4602,412.1643700000001,0.08920848484849213,0.08422727272727693,50.0,0.0,1.5545863256252865,0.5826347144187594,-0.0,1.2916039927517886,green,orange
2026-08-20 14:43:00,412.475,412.65,412.46,412.6395,20220,0.27987857142857464,412.37,411.83000000000004,412.48670000000004,412.20237,0.10937696969697559,0.07690909090909469,40.0,20.0,1.5460704623690336,1.4292293021628666,-0.0,1.3698975099532618,green,red
2026-08-20 14:44:00,412.62,412.75,412.57,412.58,18537,0.26666428571428874,412.405,411.845,412.5242,412.24937,0.11164030303030748,0.06704545454545903,100.0,10.0,1.5372697577453434,0.43212558256414013,-0.0,1.3966906105002863,lime,red
2026-08-20 14:45:00,412.58,412.84,412.51,412.8,13918,0.2759500000000027,412.45,411.89,412.55920000000003,412.29837,0.11646666666667209,0.0572924242424287,100.0,0.0,1.5341070601678892,1.6526611232524147,-0.0,1.4381561837392383,green,red
2026-08-20 14:46:00,412.825,413.17,412.8,413.02,24416,0.28809285714285693,412.615,412.27,412.60920000000004,412.33836999999994,0.13035454545454872,0.04701212121212503,100.0,50.0,1.5324559895662107,2.5900874172515387,-0.0,1.497636252789107,green,red
2026-08-20 14:47:00,413.05,413.11,412.98,412.98,20223,0.27559285714285614,412.615,412.27,412.6482,412.40536999999995,0.13116666666666812,0.03920303030302965,90.0,40.0,1.5219414296705485,1.4283548850085026,-0.0,1.4459943904614647,lime,red
2026-08-20 14:48:00,413.0101,413.26,412.99,413.2326,45739,0.27594999999999864,412.65999999999997,412.315,412.735,412.47937,0.14169999999999747,0.03213636363636042,100.0,30.0,1.517082015373842,2.602605979295163,-0.0,1.483312874112471,green,red
2026-08-20 14:49:00,413.22,413.45,413.14,413.3932,22306,0.2645214285714254,412.755,412.40999999999997,412.84,412.57037,0.15013999999999467,0.025160606060601918,100.0,20.0,1.5133811952201037,2.8324311274684533,-0.0,1.6147368115289282,green,red
2026-08-20 14:50:00,413.37,413.48,413.24,413.31,14024,0.2623785714285662,412.78,412.425,412.954,412.683,0.14306787878787205,0.025824242424236542,100.0,10.0,1.507127383267903,1.2298561737344471,-0.0,1.7021382904979419,lime,red
2026-08-20 14:51:00,413.32,413.39,413.19,413.1922,8729,0.2473785714285636,412.97,412.425,413.05999999999995,412.796,0.12219030303029639,0.03434363636362856,90.0,0.0,1.4994561094352234,0.0,0.28814820511342987,1.6885322596793912,lime,red
2026-08-20 14:52:00,413.16,413.42,413.06,413.35,16909,0.2629499999999934,412.995,412.425,413.15199999999993,412.89400000000006,0.11060787878787352,0.037636363636355245,80.0,0.0,1.4977815483408718,0.5044825317605728,-0.0,1.7434110008462085,green,orange
2026-08-20 14:53:00,413.3331,413.61,413.32,413.47,21190,0.27152142857142636,413.06,412.49,413.24800000000005,412.98,0.10746060606060259,0.03535696969696195,100.0,0.0,1.4935337328574638,0.8483558152624937,-0.0,1.8484382659785297,green,red
2026-08-20 14:54:00,413.46,413.61,413.4,413.6,15821,0.27035714285714463,413.20500000000004,412.63,413.334,413.063,0.10960090909090647,0.02989333333332662,90.0,10.0,1.4863683955288907,1.1798992047357615,-0.0,1.8947539270800462,green,red
2026-08-20 14:55:00,413.56,413.7,413.51,413.56,16844,0.26464285714286007,413.34000000000003,412.7675,413.41999999999996,413.163,0.09922060606060394,0.02860696969696602,100.0,0.0,1.4785347115736016,0.20569645625585053,-0.0,1.96168880572327,lime,red
2026-08-20 14:56:00,413.575,413.76,413.5675,413.76,16770,0.24857142857142986,413.375,412.825,413.479,413.23975,0.10080848484848241,0.026105454545453172,100.0,0.0,1.471149364457865,1.1631649985434933,-0.0,2.0930682142362684,green,red
2026-08-20 14:57:00,413.77,414.11,413.77,413.94,40163,0.26000000000000306,413.58500000000004,413.05,413.579,413.31875,0.10988121212121045,0.022329696969697208,100.0,0.0,1.469387870813287,1.7564732297091723,-0.0,2.1966404544865554,green,red
2026-08-20 14:58:00,413.965,414.16,413.92,413.925,22581,0.2642857142857175,413.61,413.09000000000003,413.66900000000004,413.41175000000004,0.10659030303030219,0.01894787878787838,100.0,0.0,1.4635739921051545,0.8012990720078506,-0.0,2.243386026798021,lime,red
2026-08-20 14:59:00,413.925,414.16,413.925,414.11,42391,0.25750000000000534,413.61,413.09000000000003,413.73999999999995,413.49025,0.10986848484848483,0.015217575757575022,90.0,30.0,1.4576332521841036,1.4797090729979345,-0.0,2.2774033741059156,green,red
2026-08-20 15:00:00,414.14,414.4,414.05,414.3,33160,0.25607142857143117,413.73,413.21,413.832,413.57124999999996,0.12012242424242424,0.011063030303029625,100.0,20.0,1.4560069196622611,2.030261534474107,-0.0,2.3310412902409325,green,red
2026-08-20 15:01:00,414.34,415.27,414.17,414.68,93131,0.32535714285714334,414.29499999999996,413.66499999999996,414.02,413.66925000000003,0.1524484848484843,0.0071648484848481075,100.0,10.0,1.4821468504656372,3.802571736093796,-0.0,2.3563133162155054,green,red
2026-08-20 15:02:00,414.7,416.01,414.7,415.015,179505,0.40035714285714413,414.705,414.03499999999997,414.279,413.83325,0.18767030303030022,0.004841818181817857,100.0,0.0,1.5165353819609804,4.824722785954236,-0.0,2.584682780487924,green,red
2026-08-20 15:03:00,415.02,416.035,414.84,415.93,157114,0.4635714285714333,414.77250000000004,414.0475,414.5215,413.98525,0.27415999999999796,0.0034848484848480714,100.0,0.0,1.5455850281413723,9.734673348826277,-0.0,3.2149787118818267,green,red
2026-08-20 15:04:00,415.91,416.05,415.54,415.96,88992,0.48285714285714626,414.80875000000003,414.055,414.7655,414.19925,0.30453030303029943,0.0024848484848479474,100.0,0.0,1.5489991778599583,7.1167181106380895,-0.0,3.613548847842594,lime,red
2026-08-20 15:05:00,415.91,416.04,415.27,415.3,125156,0.5235714285714356,414.90999999999997,414.055,414.9995,414.37524999999994,0.2916666666666625,0.06148484848484493,90.0,0.0,1.5619991860813602,0.030665224747963293,-0.0,3.6777064523187164,lime,red
2026-08-20 15:06:00,415.3,415.66,414.78,414.895,107369,0.5607142857142955,414.985,414.055,415.18950000000007,414.4965,0.24836363636363198,0.1316666666666642,80.0,0.0,1.5789391942205484,0.0,3.6906658422572036,3.6385253681522727,lime,red
2026-08-20 15:07:00,414.89,415.63,414.72,415.4,94118,0.605000000000006,414.9875,414.065,415.3415,414.5915,0.252181818181814,0.1621363636363624,70.0,0.0,1.5968198022783417,0.0,0.030846412211076313,3.6577137973201843,green,orange
2026-08-20 15:08:00,415.555,415.59,415.26,415.56,40331,0.6135714285714309,415.05,414.255,415.4845,414.7255,0.2534999999999984,0.15600000000000006,60.0,0.0,1.5930616042555579,0.35996193226139894,-0.0,3.7224927779152495,green,orange
2026-08-20 15:09:00,415.43,415.44,414.64,414.93,94493,0.6657142857142893,415.11,414.28,415.6125,414.797,0.231848484848485,0.19377272727272707,50.0,0.0,1.6111709882130028,0.0,5.009746195943876,3.6489887450386504,lime,red
2026-08-20 15:10:00,414.89,415.33,414.71,414.805,51148,0.6957142857142904,415.345,414.28,414.863,415.70550000000003,0.1897727272727285,0.21818181818181784,40.0,0.0,1.617999278330873,0.0,5.534050328346893,3.5121312765218136,green,red
2026-08-20 15:11:00,414.84,415.04,414.6,414.99,45856,0.7021428571428601,415.32500000000005,414.425,414.90599999999995,415.6825,0.16203030303030466,0.21480303030302994,30.0,0.0,1.618099285547564,0.0,3.656122793004215,3.31798036223131,green,orange
2026-08-20 15:12:00,414.945,415.66,414.89,415.6499,47632,0.740000000000005,415.32500000000005,414.515,415.64750000000004,414.925,0.19215757575757705,0.18587878787878762,20.0,90.0,1.6304082926920898,1.266391632603927,-0.0,3.240284303241765,green,orange
2026-08-20 15:13:00,415.67,416.06,415.52,416.02,50543,0.7617857142857198,415.33000000000004,414.525,415.65,414.99300000000005,0.2291312121212112,0.15278787878787867,100.0,80.0,1.6340842097651693,3.0280152807932836,-0.0,3.235147543620087,green,red
2026-08-20 15:14:00,415.98,416.28,415.815,415.92,106257,0.7700000000000061,415.44,414.66999999999996,415.67299999999994,415.02049999999997,0.2328621212121191,0.12878787878787568,100.0,70.0,1.6349483676675167,0.9986205290249472,-0.0,3.1652496712930542,lime,red
2026-08-20 15:15:00,415.92,415.98,415.44,415.98,72642,0.7300000000000101,415.44,414.66999999999996,415.66700000000003,415.0375,0.2134260606060583,0.10084848484848012,90.0,60.0,1.6385788839908424,0.5459765436785347,-0.0,3.0182651984102904,lime,red
2026-08-20 15:16:00,415.95,416.28,415.5905,415.91,93973,0.6842500000000078,415.44,414.66999999999996,415.729,415.11855,0.1822442424242404,0.08163636363635761,80.0,50.0,1.6477045951509324,0.0,0.7482143456127233,2.850282676200436,lime,red
2026-08-20 15:17:00,415.911,416.4,415.81,416.35,90240,0.6410357142857167,415.5,414.73,415.80600000000004,415.22754999999995,0.188971515151513,0.06401515151514565,100.0,40.0,1.653057549199422,1.9078835541768058,-0.0,2.795467204626334,green,orange
2026-08-20 15:18:00,416.34,416.37,415.99,416.116,64940,0.6317500000000028,415.5,414.86,415.884,415.30055000000004,0.18095636363636136,0.06957575757575563,90.0,30.0,1.6505869737074275,0.0,0.8718446844954997,2.5786454492993016,lime,red
2026-08-20 15:19:00,416.08,416.45,416.0,416.31,69052,0.6088928571428563,415.525,414.92499999999995,415.98499999999996,415.43655,0.1790927272727267,0.064812121212122,100.0,20.0,1.650731103970353,0.03306162064120599,-0.0,2.4030820857982462,green,orange
2026-08-20 15:20:00,416.3,416.45,415.76,415.83,103312,0.5953214285714239,415.66999999999996,414.98,416.09700000000004,415.54155000000003,0.1574200000000007,0.10090303030303409,90.0,10.0,1.6597537929306492,0.0,4.097317332553416,2.1336869931570845,lime,red
2026-08-20 15:21:00,415.79,415.84,415.2,415.2,79558,0.5760357142857109,415.825,415.00874999999996,415.60155,416.17699999999996,0.12917757575757716,0.17251212121212559,80.0,0.0,1.6668362550013422,0.0,8.363599220861602,1.995715340826223,green,red
2026-08-20 15:22:00,415.22,415.26,414.9506,414.99,51279,0.5745642857142822,415.70029999999997,415.11,415.60761,416.137,0.09615030303030458,0.22360606060606325,70.0,0.0,1.6616156924513281,0.0,8.595431478424302,2.002039101445007,green,red
2026-08-20 15:23:00,414.97,415.14,414.8,414.86,58876,0.5331357142857078,415.625,415.185,415.53561,416.04499999999996,0.07024333333333503,0.23971515151515235,60.0,100.0,1.657579535526814,0.0,8.104753828601474,2.0817112332051693,green,orange
2026-08-20 15:24:00,414.89,415.24,414.795,415.124,59391,0.5206357142857071,415.6225,415.1875,415.43361000000004,415.941,0.07626090909091159,0.22206666666666677,50.0,100.0,1.6574687401715456,0.0,4.7992399567698385,2.0769356799028174,green,orange
2026-08-20 15:25:00,415.1,415.24,414.98,414.991,40144,0.5077785714285638,415.6225,415.25,415.38760999999994,415.867,0.07612121212121488,0.2056909090909125,40.0,90.0,1.6505140527698299,0.0,5.005014103256258,2.1207949392251066,green,red
2026-08-20 15:26:00,415.0401,415.53,415.04,415.41,43787,0.49127857142856,415.6225,415.31,415.33256,415.79200000000003,0.10613939393940015,0.18034848484848998,30.0,80.0,1.6539519122421313,0.0,1.1461190430662782,2.047566086724828,green,orange
2026-08-20 15:27:00,415.4,415.8,415.28,415.66,46372,0.4898499999999899,415.6225,415.525,415.27956000000006,415.73199999999997,0.13394242424243205,0.15110909090909622,20.0,70.0,1.6566523931197112,0.676959639909569,-0.0,2.0482294833215065,green,orange
2026-08-20 15:28:00,415.66,415.76,415.58,415.72,35318,0.46949285714284933,415.6225,415.525,415.671,415.23855999999995,0.14629696969697784,0.11786060606061022,10.0,60.0,1.6467458691885144,0.7334804355207325,-0.0,2.055171217231532,green,red
2026-08-20 15:29:00,415.68,415.755,415.52,415.64,30301,0.44770714285713453,415.3175,415.525,415.60149999999993,415.19056,0.13589696969697676,0.09422424242424947,0.0,50.0,1.6389734104966298,0.0,0.23572384637645882,1.9747445339186243,lime,red
2026-08-20 15:30:00,415.68,415.79,415.13,415.25,23372,0.44559999999999683,415.2975,415.525,415.53549999999996,415.12756,0.11807878787879393,0.10430909090909823,0.0,40.0,1.6470036763916645,0.0,3.218026644497627,1.8659700836798265,green,red
2026-08-20 15:31:00,415.36,415.48,415.255,415.295,24251,0.41988571428571425,415.2975,415.525,415.4995,415.13306,0.10352727272727924,0.10119393939394632,0.0,30.0,1.6390436396277486,0.0,2.3948390744254766,1.801374088250327,green,orange
2026-08-20 15:32:00,415.25,415.37,415.065,415.37,16656,0.4145285714285722,415.2975,415.525,415.51050000000004,415.1445,0.09460909090909626,0.08986666666667237,50.0,20.0,1.6339382032314713,0.0,1.5072153192437554,1.813677206796001,green,orange
2026-08-20 15:33:00,415.31,415.37,414.85,414.915,43205,0.4195285714285717,415.32500000000005,415.525,415.1495,415.5335,0.08110000000000406,0.11408484848485184,40.0,10.0,1.6368388211991558,0.0,4.599735564397065,1.8653627162254907,green,red
2026-08-20 15:34:00,414.92,414.97,414.71,414.82,84632,0.38881428571428955,415.255,415.525,415.14099999999996,415.5065000000001,0.06336363636363902,0.13337878787879182,30.0,100.0,1.6300904329871662,0.0,4.385616262856615,1.9358140297616728,green,orange
2026-08-20 15:35:00,414.82,415.08,414.66,414.705,67513,0.3731000000000019,415.23,415.525,415.10900000000004,415.49050000000005,0.04552727272727445,0.14426363636364112,20.0,100.0,1.6293295286572929,0.0,4.311470186001998,1.9973308926328173,green,orange
2026-08-20 15:36:00,414.65,414.83,414.52,414.81,43525,0.37314285714286044,415.155,415.485,415.05699999999996,415.4205,0.03883636363636614,0.13360000000000505,10.0,100.0,1.62450623337072,0.0,2.624757787490921,2.0138656621514883,green,orange
2026-08-20 15:37:00,414.785,414.85,414.71,414.75,13169,0.35885714285715103,415.155,415.485,415.0,415.32550000000003,0.03261818181818477,0.12184848484848942,0.0,90.0,1.6134411710370145,0.0,2.45796308452384,1.859632153760458,green,orange
2026-08-20 15:38:00,414.76,414.98,414.53,414.575,50234,0.35921428571429764,415.155,415.485,414.895,415.24750000000006,0.027393939393942385,0.1202121212121261,20.0,80.0,1.613956759326646,0.0,3.124913524257522,1.791588709831558,green,red
2026-08-20 15:39:00,414.6,414.61,414.23,414.37,32076,0.36778571428572654,414.855,415.34000000000003,414.76599999999996,415.133,0.022000000000002556,0.12813636363636682,10.0,100.0,1.6118771917333794,0.0,3.8272261078168412,1.6219275731567677,green,red
2026-08-20 15:40:00,414.39,414.48,414.225,414.29,25123,0.34750000000001285,414.7975,415.3375,414.6755,415.00200000000007,0.017727272727274864,0.12762121212121266,0.0,100.0,1.6051934198160456,0.0,3.4364199996917932,1.6344722631123432,green,orange
2026-08-20 15:41:00,414.265,414.285,413.97,414.055,23612,0.3332142857142953,414.67,415.21000000000004,414.547,414.8825,0.01363636363636536,0.13606060606060616,0.0,100.0,1.6009814856178848,0.0,4.203891909280628,1.845662226023137,green,red
2026-08-20 15:42:00,414.14,414.48,414.1,414.36,20660,0.35071428571429564,414.525,415.21000000000004,414.45050000000003,414.79350000000005,0.03768181818182026,0.1281060606060609,0.0,90.0,1.6006966707617063,0.0,0.8803568879125123,1.9270128505678485,green,orange
2026-08-20 15:43:00,414.35,414.3885,413.42,413.75,54048,0.4031071428571522,414.25,414.935,414.3075,414.6953500000001,0.05066666666666882,0.16557575757575924,0.0,100.0,1.6205242040540895,0.0,4.835645895247467,2.2055627280373074,green,red
2026-08-20 15:44:00,413.735,413.95,413.68,413.74,19004,0.37525000000000625,414.20000000000005,414.935,414.2045,414.59335,0.053151515151517115,0.17622727272727381,10.0,90.0,1.6143089620135478,0.0,3.571719665711157,2.4204179195344295,green,orange
2026-08-20 15:45:00,413.74,414.25,413.68,414.15,30028,0.39953571428571877,414.20000000000005,414.935,414.1065,414.51035,0.08296969696969558,0.167924242424243,0.0,80.0,1.619255872393412,0.47462390062435134,-0.0,2.487452935274291,green,orange
2026-08-20 15:46:00,414.1784,414.47,413.98,414.37,31215,0.41275000000000467,414.20000000000005,414.63,414.05249999999995,414.4743500000001,0.11663636363636264,0.14192424242424254,20.0,70.0,1.621193313669478,2.2753247129844567,-0.0,2.439727983100056,green,red
2026-08-20 15:47:00,414.36,414.5,414.27,414.46,35430,0.39203571428572154,414.015,414.61,414.43935,414.0085,0.13586363636363372,0.11657575757575767,10.0,60.0,1.613491380532784,2.72686723306947,-0.0,2.2856483589993104,green,red
2026-08-20 15:48:00,414.45,414.65,414.43,414.51,42213,0.38917857142857315,414.03499999999997,414.61,414.40635000000003,413.99850000000004,0.13506060606060397,0.09212121212121223,0.0,50.0,1.605496466727455,2.7623849655174126,-0.0,2.062806213300064,green,red
2026-08-20 15:49:00,414.49,414.65,414.46,414.57,30314,0.37275000000000447,414.03499999999997,414.61,414.41035,414.0215,0.12745454545454374,0.06962121212121236,90.0,40.0,1.5964715020601803,2.8305269500242503,-0.0,1.8203212556113613,green,red
2026-08-20 15:50:00,414.55,414.69,414.37,414.46,26637,0.3734642857142895,414.055,414.61,414.43135,414.03600000000006,0.11266666666666565,0.060227272727274274,100.0,30.0,1.5923467870395782,1.6311450068297972,-0.0,1.699744562837168,lime,red
2026-08-20 15:51:00,414.47,414.48,414.32,414.45,26757,0.3748928571428597,414.055,414.61,414.45085,414.071,0.09403030303030226,0.0499090909090922,90.0,20.0,1.5823433191691834,1.3908184700619586,-0.0,1.5336451246521392,lime,red
2026-08-20 15:52:00,414.47,414.54,414.1478,414.18,18040,0.37076428571428516,414.185,414.61,414.4568499999999,414.07578,0.07339393939393879,0.0629848484848477,80.0,10.0,1.5810312859774915,0.0,0.6799880014250448,1.2996825523148345,lime,red
2026-08-20 15:53:00,414.14,414.37,414.14,414.37,15673,0.3600500000000011,414.185,414.605,414.45500000000004,414.14777999999995,0.07280303030302972,0.06306060606060382,70.0,0.0,1.5737309731177174,1.0078985294831,-0.0,1.2113580895023688,green,orange
2026-08-20 15:54:00,414.36,414.56,414.32,414.43,22838,0.3589785714285735,414.33500000000004,414.605,414.51599999999996,414.21178,0.07203030303030279,0.05924242424242169,60.0,0.0,1.5668736633865405,1.385497395240236,-0.0,1.1422871792814249,green,red
2026-08-20 15:55:00,414.46,414.55,414.27,414.5,20395,0.35612142857143325,414.41499999999996,414.605,414.546,414.27078,0.06927272727272679,0.05021212121211895,50.0,0.0,1.5615649267526763,1.737342690114474,-0.0,1.1054410884127037,green,red
2026-08-20 15:56:00,414.49,414.67,414.49,414.67,19012,0.3386214285714329,414.41499999999996,414.45000000000005,414.566,414.32177999999993,0.07442424242424313,0.043090909090907105,40.0,0.0,1.5526092774851499,2.7111548990308165,-0.0,1.0634779090837583,green,red
2026-08-20 15:57:00,414.68,414.83,414.54,414.82,29634,0.29015714285714417,414.485,414.395,414.599,414.34878,0.08645454545454485,0.03599999999999826,100.0,60.0,1.547813184710297,3.2996270866590294,-0.0,1.0872001703813794,green,red
2026-08-20 15:58:00,414.81,414.89,414.72,414.89,27487,0.2830142857142854,414.515,414.395,414.62300000000005,414.37778,0.09381818181817969,0.028909090909089424,100.0,50.0,1.5386250528631926,3.1487192326790137,-0.0,1.1741509810353818,lime,red
2026-08-20 15:59:00,414.87,414.91,414.67,414.67,17524,0.259442857142858,414.525,414.25,414.649,414.39878,0.08896969696969392,0.04181818181817789,100.0,40.0,1.5321188023345609,0.9125524612289837,-0.0,1.2044736784403085,lime,red
2026-08-20 16:00:00,414.7,414.86,414.65,414.8495,8647,0.23944285714285993,414.525,414.25,414.666,414.42677999999995,0.09401515151514507,0.04606060606060086,90.0,30.0,1.5245676143112166,2.0183756179466172,-0.0,1.2696080580251419,green,red
2026-08-20 16:01:00,414.855,414.95,414.81,414.92,7522,0.23301428571428623,414.54499999999996,414.20000000000005,414.713,414.47578000000004,0.09658030303029846,0.04330303030302502,100.0,20.0,1.514501938168104,2.079195747934932,-0.0,1.299744505237868,green,red
2026-08-20 16:02:00,414.9,414.98,414.865,414.9126,14927,0.22551428571428897,414.625,414.20000000000005,414.75699999999995,414.5475,0.09002272727272446,0.03464242424242154,100.0,10.0,1.5036119187864232,1.5438702572060947,-0.0,1.3580521932263991,lime,red
2026-08-20 16:03:00,414.87,414.905,414.63,414.76,14305,0.23212857142857501,414.625,414.20000000000005,414.81050000000005,414.5965,0.07491818181818065,0.04241151515151473,90.0,0.0,1.499031999598559,0.06440019743592984,-0.0,1.1884801402363792,lime,red
2026-08-20 16:04:00,414.785,414.785,414.455,414.51,5511,0.23284285714286415,414.7175,414.20000000000005,414.61,414.83299999999997,0.059190909090908274,0.0682939393939402,80.0,10.0,1.4962516796025749,0.0,1.7947447234337233,0.9257301138752609,lime,red
2026-08-20 16:05:00,414.5,414.715,414.425,414.51,10287,0.24212857142857405,414.7025,414.20000000000005,414.6255,414.8495,0.0451606060606056,0.07935030303030412,70.0,0.0,1.4920191628065478,0.0,1.4360150207124889,0.8392998031242769,green,orange
2026-08-20 16:06:00,414.51,414.6356,414.44,414.63,5926,0.22808571428571764,414.7025,414.20000000000005,414.6205,414.84606,0.04361515151515177,0.07622909090909209,60.0,90.0,1.4843361711784828,0.0,0.2770556807462299,0.8135738387529727,green,orange
2026-08-20 16:07:00,414.62,414.62,414.48,414.5,4344,0.22237142857142903,414.7025,414.20000000000005,414.6145,414.82506,0.0394939393939403,0.07659272727272813,50.0,80.0,1.475042809466697,0.0,1.1607535690183113,0.8083983850787035,green,red
2026-08-20 16:08:00,414.49,414.57,414.45,414.57,12289,0.21380000000000013,414.7025,414.20000000000005,414.5875,414.79305999999997,0.03997878787878852,0.07183515151515223,40.0,70.0,1.4647323813720303,0.0,0.40398406760004946,0.8041932679124102,green,orange
2026-08-20 16:09:00,414.54,414.57,414.4601,414.51,5978,0.20164999999999672,414.7025,414.33000000000004,414.56651,414.75906,0.035766666666667,0.06780484848484941,30.0,60.0,1.4541513575583092,0.0,0.7398030158475422,0.8083983850787035,green,red
2026-08-20 16:10:00,414.53,414.56,414.45,414.47,16987,0.1966499999999972,414.7025,414.33000000000004,414.54651,414.72906,0.02988787878787896,0.06271393939393703,20.0,50.0,1.4436798439827268,0.0,0.8508884822538221,0.806929770340048,green,red
2026-08-20 16:11:00,414.42,414.48,414.15,414.16,9879,0.19950714285714558,414.5275,414.48,414.48051,414.68206,0.023519696969696833,0.08338060606060177,10.0,100.0,1.4414530455429009,0.0,2.8666860586889698,0.8914373913418103,green,red
2026-08-20 16:12:00,414.17,414.18,413.9001,414.0,17123,0.20735714285714835,414.34255,414.44005000000004,414.38401999999996,414.60206,0.018880303030302706,0.10359272727272441,0.0,100.0,1.4373948150874716,0.0,3.3364227803087942,0.9722972425887519,green,red
2026-08-20 16:13:00,413.98,414.04,413.82,413.82,11420,0.2059285714285782,414.2675,414.4,414.30302,414.51556,0.01521212121212081,0.12132666666666615,0.0,100.0,1.431160866936598,0.0,3.8100179578628968,1.1765633414174772,green,red
2026-08-20 16:14:00,413.83,413.8495,413.61,413.69,28308,0.2080357142857159,414.1228,414.295,414.21852,414.42200999999994,0.011757575757575398,0.1290684848484852,0.0,100.0,1.4257107582672308,0.0,3.7786749436116907,1.4065211101190016,green,orange
2026-08-20 16:15:00,413.68,413.68,413.43,413.5,21514,0.2166071428571448,414.025,414.20500000000004,414.11902,414.31851000000006,0.008303030303029986,0.1403030303030305,0.0,100.0,1.4210736506845583,0.0,4.1418258590152845,1.675945782175063,green,red
2026-08-20 16:16:00,413.5,413.55,413.41,413.51,32429,0.21839285714285747,413.99,414.19500000000005,414.01602,414.20995000000005,0.005757575757574654,0.1353030303030304,0.0,100.0,1.412042914177712,0.0,2.943248076393843,1.8683776896300515,green,orange
2026-08-20 16:17:00,413.53,413.7,413.46,413.62,51526,0.21535000000000082,413.99,414.19500000000005,413.91402,414.11795,0.013909090909090661,0.11981818181818205,0.0,90.0,1.406802485035935,0.0,1.252701402526668,1.9530529492791402,green,orange
2026-08-20 16:18:00,413.61,413.71,413.485,413.66,16426,0.20784999999999546,413.985,414.19500000000005,413.81752000000006,414.03194999999994,0.021727272727275013,0.09918181818181858,0.0,80.0,1.4010594601855744,0.0,0.416487325825301,1.9764363655073112,green,orange
2026-08-20 16:19:00,413.65,413.83,413.65,413.76,13153,0.1999928571428557,413.94500000000005,414.19500000000005,413.73651,413.95795,0.033727272727273404,0.07933333333333388,0.0,70.0,1.3937088655837189,0.6741816781539001,-0.0,1.996056784224379,green,orange
2026-08-20 16:20:00,413.77,413.82,413.7,413.73,16274,0.19459285714285507,413.795,414.19500000000005,413.66151,413.88395,0.03709090909090826,0.06315151515151335,0.0,60.0,1.3842117769278817,0.5876781151494015,-0.0,1.9604910280621652,lime,red
2026-08-20 16:21:00,413.72,413.72,413.56,413.63,7698,0.19602142857142926,413.725,414.19500000000005,413.60251,413.80795,0.035696969696967895,0.0556060606060593,0.0,50.0,1.3766596591586033,0.010643379277439635,-0.0,1.892762152477303,lime,red
2026-08-20 16:22:00,413.625,413.77,413.49,413.68,8498,0.2074499999999984,413.62975,414.19500000000005,413.56149999999997,413.76695,0.03551515151515091,0.046272727272726355,0.0,40.0,1.3732530625670165,0.6353524223521845,-0.0,1.7770892818726907,green,red
2026-08-20 16:23:00,413.7,413.72,413.51,413.52,14034,0.21460000000000232,413.62,414.19500000000005,413.5305,413.73495,0.03336363636363651,0.050303030303032265,0.0,30.0,1.3672905319413478,0.0,0.39013596181860066,1.7112334732462386,lime,red
2026-08-20 16:24:00,413.55,413.81,413.51,413.74,6624,0.22817142857143072,413.62,414.19500000000005,413.73099999999994,413.52049999999997,0.049393939393942356,0.04824242424242756,0.0,20.0,1.3647176266219345,1.5390698450192986,-0.0,1.6552805454573445,green,orange
2026-08-20 16:25:00,413.715,413.715,413.525,413.525,8685,0.21995714285714435,413.645,414.19500000000005,413.53000000000003,413.7345,0.05509090909091343,0.0626666666666734,40.0,10.0,1.3590254503557162,0.0,0.09006030455793734,1.6138593821096947,lime,red
2026-08-20 16:26:00,413.525,413.525,413.35,413.44,18752,0.21246428571428413,413.59000000000003,414.165,413.524,413.73199999999997,0.05278787878788349,0.07407575757576375,30.0,100.0,1.3519101958521573,0.0,0.43208466327314454,1.5155513153420088,green,red
2026-08-20 16:27:00,413.42,413.44,413.13,413.1783,11371,0.21889285714285375,413.48,414.055,413.491,413.70599999999996,0.04324242424242832,0.09965454545455239,20.0,100.0,1.349861093893636,0.0,1.9637438085726444,1.5004633797823317,green,red
2026-08-20 16:28:00,413.17,413.4295,413.14,413.4,14151,0.2224642857142872,413.475,414.0175,413.45649999999995,413.67794999999995,0.054912121212124604,0.10524212121212789,10.0,90.0,1.3470739829547007,0.3291812919400172,-0.0,1.3419976140717154,green,orange
2026-08-20 16:29:00,413.44,413.5,413.33,413.4728,14348,0.21603571428571758,413.47,413.9575,413.42449999999997,413.64495,0.06552696969697536,0.09848000000000638,0.0,80.0,1.3398932431251542,1.05285558673188,-0.0,1.137575952613588,green,red
2026-08-20 16:30:00,413.49,413.5,413.22,413.285,12683,0.2260357142857166,413.47,413.9225,413.3765,413.61295,0.06669696969697637,0.1000672727272765,0.0,70.0,1.3368543106939017,0.0,0.2631358414157603,0.9118196818320712,lime,red
2026-08-20 16:31:00,413.23,413.355,413.09,413.12,17351,0.2278214285714333,413.45,413.8628,413.3295,413.57645,0.05855696969697626,0.10952909090909442,30.0,100.0,1.3332907675869643,0.0,1.127492249881925,0.862515229808082,green,red
2026-08-20 16:32:00,413.1,413.16,412.87,413.11,29353,0.23246428571429437,413.34000000000003,413.745,413.26750000000004,413.51545000000004,0.048293333333338684,0.10766181818182052,20.0,100.0,1.3306878599110954,0.0,0.6790251368619238,0.8509723327613301,green,orange
2026-08-20 16:33:00,413.081,413.34,413.081,413.31,16159,0.23810714285714799,413.2925,413.72,413.2246,413.47745,0.05666606060606383,0.09383757575757719,10.0,90.0,1.326963981311983,1.1877684717580905,-0.0,0.8210770177154245,green,orange
2026-08-20 16:34:00,413.31,413.54,413.31,413.49,4568,0.24596428571429182,413.20500000000004,413.72,413.45045,413.2046,0.07382666666666889,0.07590727272727321,0.0,80.0,1.3222043414988638,2.493230490236442,-0.0,0.800103082549299,green,red
2026-08-20 16:35:00,413.5,413.66,413.45,413.64,14651,0.24882142857143613,413.265,413.71500000000003,413.44495000000006,413.1971,0.09241151515151473,0.05861333333333332,0.0,70.0,1.3167522980838766,3.2722308694934554,-0.0,0.81216045573683,green,red
2026-08-20 16:36:00,413.6894,413.83,413.64,413.72,10446,0.24239285714286649,413.35,413.675,413.47545,413.2261,0.10048121212121397,0.04375878787878774,100.0,60.0,1.3106147751030377,3.3427043191102257,-0.0,0.8376068010892368,green,red
2026-08-20 16:37:00,413.7,413.73,413.54,413.56,4329,0.24096428571429232,413.35,413.525,413.50445,413.2671,0.09461151515151835,0.045525454545456555,90.0,50.0,1.3045386273520072,1.6367481406842899,-0.0,0.8321634300325513,lime,red
2026-08-20 16:38:00,413.5,413.5,413.37,413.48,13827,0.23310714285714848,413.35,413.45500000000004,413.51149999999996,413.2901,0.08083272727273107,0.051807575757577634,80.0,40.0,1.2985232410784868,0.8558793611064175,-0.0,0.8182130822517593,lime,red
2026-08-20 16:39:00,413.475,413.495,413.34,413.35,3919,0.22882142857143403,413.35,413.35974999999996,413.51099999999997,413.29110000000003,0.06640272727273032,0.06278181818181926,70.0,30.0,1.291273008667703,0.0,0.12464038768769115,0.7856228474876161,lime,red
2026-08-20 16:40:00,413.335,413.59,413.335,413.54,4699,0.23453571428572267,413.35,413.35,413.52,413.3026,0.07125090909091142,0.06118545454545483,60.0,20.0,1.2877952785810256,1.4060024346218825,-0.0,0.7500539037260978,green,orange
2026-08-20 16:41:00,413.53,413.59,413.5,413.525,5279,0.218821428571435,413.45550000000003,413.35,413.54349999999994,413.3436,0.0697272727272746,0.05526606060606454,50.0,10.0,1.2782473257952143,1.1174063274870605,-0.0,0.7357030690865258,lime,red
2026-08-20 16:42:00,413.5,413.59,413.365,413.39,12387,0.2142142857142874,413.57,413.35,413.39310000000006,413.5865,0.0615151515151531,0.05933333333333862,40.0,0.0,1.2737898525372608,0.017025829567955952,-0.0,0.7059070876466649,lime,red
2026-08-20 16:43:00,413.38,413.47,413.33,413.45,18443,0.2120714285714322,413.58,413.35,413.418,413.5995,0.05242424242424401,0.05919696969697511,30.0,0.0,1.26623195401189,0.5547103302876621,-0.0,0.7019759596801123,green,red
2026-08-20 16:44:00,413.455,413.51,413.36,413.48,28689,0.20278571428571826,413.58,413.35,413.42300000000006,413.5965,0.045515151515155595,0.05421212121212565,20.0,0.0,1.2591196344717703,0.7542670151156017,-0.0,0.6433224742411312,green,red
2026-08-20 16:45:00,413.47,413.546,413.32,413.45,13913,0.20000000000000082,413.525,413.35,413.40999999999997,413.58509999999995,0.038090909090914414,0.0474848484848549,10.0,100.0,1.2548904381270525,0.4712499788513469,-0.0,0.6368030477732418,lime,red
2026-08-20 16:46:00,413.44,413.78,413.44,413.74,9689,0.20357142857142613,413.54999999999995,413.35,413.5801,413.39,0.057000000000007066,0.039575757575764814,0.0,90.0,1.2549215337457809,2.5415785119326983,-0.0,0.6984613281465499,green,red
2026-08-20 16:47:00,413.75,413.77,413.62,413.7,11677,0.19578571428571326,413.54999999999995,413.35,413.58410000000003,413.39799999999997,0.06566666666667395,0.034212121212130055,90.0,80.0,1.2479223184083224,1.7654361545243091,-0.0,0.6931275559451251,lime,red
2026-08-20 16:48:00,413.7,413.74,413.6,413.67,10528,0.18935714285713953,413.54999999999995,413.35,413.60810000000004,413.421,0.06472727272727966,0.030454545454551864,80.0,70.0,1.2406230952242385,1.2090233542124906,-0.0,0.7149619337454851,lime,red
2026-08-20 16:49:00,413.7,413.77,413.65,413.75,14332,0.18292857142856583,413.54999999999995,413.35,413.63559999999995,413.45199999999994,0.06163636363636821,0.025757575757580062,70.0,60.0,1.2326568642719964,1.5490529453842328,-0.0,0.7563179503840729,green,red
2026-08-20 16:50:00,413.75,413.89,413.69,413.71,10266,0.18364285714285092,413.605,413.38,413.6656,413.4875,0.05539393939394224,0.024424242424246737,100.0,50.0,1.2277302956292757,0.9362664091696615,-0.0,0.7557854053334268,lime,red
2026-08-20 16:51:00,413.7,413.76,413.62,413.64,11050,0.18007142857142153,413.605,413.38,413.6826,413.4995,0.04796969696969864,0.02790909090909464,90.0,40.0,1.2206329926729824,0.23010867955918002,-0.0,0.6683042168675684,lime,red
2026-08-20 16:52:00,413.67,413.7,413.52,413.55,13226,0.17935714285713647,413.605,413.38,413.69359999999995,413.515,0.039030303030304046,0.035893939393940165,80.0,30.0,1.2150866627462529,0.0,0.46936086563221124,0.535142873169093,lime,red
2026-08-20 16:53:00,413.57,413.5895,413.42,413.5895,9127,0.18039285714284656,413.605,413.38,413.70554999999996,413.524,0.034257575757573884,0.03777272727272582,70.0,20.0,1.2092072961187894,0.0,0.08228588405472692,0.4821663722127596,green,orange
2026-08-20 16:54:00,413.59,413.61,413.5,413.5,17041,0.170035714285705,413.655,413.38,413.538,413.71555,0.028474242424238645,0.04304545454545088,60.0,10.0,1.2011852231576021,0.0,0.7042381248754737,0.48082887859698076,green,red
2026-08-20 16:55:00,413.495,413.56,413.42,413.52,13726,0.17360714285713438,413.655,413.38,413.54799999999994,413.71695,0.023709090909084744,0.0422015151515106,50.0,0.0,1.1943533709260257,0.0,0.39734329219527353,0.47845341847551026,green,orange
2026-08-20 16:56:00,413.48,413.54,413.44,413.47,13270,0.164678571428567,413.655,413.38,413.54799999999994,413.69295,0.017203030303023475,0.04292121212120329,40.0,70.0,1.1861098372167662,0.0,0.654934596590806,0.4625578654765832,green,red
2026-08-20 16:57:00,413.49,413.6309,413.42,413.53,11300,0.16974285714284829,413.655,413.38,413.52799999999996,413.67904,0.018151515151503636,0.038869696969686285,30.0,60.0,1.1820520388445976,0.0,0.05954391374586976,0.46296594164664384,green,orange
2026-08-20 16:58:00,413.54,413.63,413.465,413.465,9763,0.17081428571427995,413.655,413.4855,413.51450000000006,413.66804,0.017827272727259407,0.03936363636362554,20.0,50.0,1.1763365184561525,0.0,0.48982706634205897,0.46511231237707307,green,red
2026-08-20 16:59:00,413.41,413.55,413.34,413.53,7815,0.16967142857142545,413.54999999999995,413.6,413.4835,413.64603999999997,0.02210909090907762,0.036145454545445065,10.0,100.0,1.1723431532715924,0.11197191171959275,-0.0,0.4258195688668138,green,orange
2026-08-20 17:00:00,413.55,413.74,413.54,413.74,5619,0.16038571428571555,413.53999999999996,413.605,413.63104000000004,413.46849999999995,0.04164848484847667,0.030866666666658504,0.0,90.0,1.168389721738878,1.6232164453936093,-0.0,0.45452599945122074,green,red
2026-08-20 17:01:00,413.74,413.8,413.74,413.7892,3393,0.15395714285714593,413.57,413.605,413.63503999999995,413.4805,0.055509090909085006,0.023875757575750917,100.0,80.0,1.1589258245214893,1.6342802088644248,-0.0,0.4923644396583313,green,red
2026-08-20 17:02:00,413.76,413.935,413.69,413.69,3852,0.1614571428571472,413.6375,413.6275,413.65854,413.49750000000006,0.05787090909090476,0.026781818181812734,100.0,70.0,1.1564015662762746,0.5588882263020878,-0.0,0.46563234239249596,lime,red
2026-08-20 17:03:00,413.69,413.79,413.65,413.69,2984,0.1628857142857214,413.6375,413.6275,413.67859,413.52049999999997,0.05144363636363295,0.027143636363632078,90.0,60.0,1.1500175506135135,0.42218068183274227,-0.0,0.4505502651642246,lime,red
2026-08-20 17:04:00,413.7,413.74,413.66,413.71,2601,0.1543142857142925,413.6375,413.6275,413.69159,413.5365,0.0455536363636325,0.024655757575754417,80.0,50.0,1.141477375107378,0.45385219904062524,-0.0,0.44145892622600513,green,red
2026-08-20 17:05:00,413.725,413.73,413.61,413.69,5393,0.15288571428572237,413.6375,413.6275,413.70859,413.55550000000005,0.03911515151514777,0.02176575757575382,70.0,40.0,1.1345026013563042,0.18631447379846122,-0.0,0.4142090044094857,lime,red
2026-08-20 17:06:00,413.68,413.695,413.59,413.6,3354,0.14752857142858034,413.6375,413.6275,413.72409,413.5705,0.03225090909090589,0.026812121212115226,60.0,30.0,1.1270425753427418,0.0,0.5279821995338807,0.4027171978439128,lime,red
2026-08-20 17:07:00,413.6099,413.6699,413.54,413.63,3606,0.1447000000000084,413.6375,413.6275,413.72799,413.5825,0.027568484848480197,0.02831151515150812,50.0,20.0,1.1205784495893132,0.0,0.22006099260408973,0.39680938598746707,green,orange
2026-08-20 17:08:00,413.645,413.678,413.37,413.44,7007,0.15884285714286403,413.65250000000003,413.6275,413.57300000000004,413.73279,0.022310303030297452,0.043447272727265694,40.0,10.0,1.1207686650934199,0.0,1.555791545661691,0.42619600675789115,green,red
2026-08-20 17:09:00,413.4317,413.5922,413.4317,413.54,5102,0.16030714285715167,413.65250000000003,413.6275,413.58216999999996,413.73701,0.025415757575753806,0.048840606060599784,30.0,0.0,1.115499478442486,0.0,0.5025229869960413,0.40988193982855137,green,orange
2026-08-20 17:10:00,413.55,413.585,413.51,413.515,4471,0.15852142857143495,413.65250000000003,413.6275,413.57917,413.72151,0.02435454545454332,0.04999151515151281,20.0,80.0,1.1071194836580605,0.0,0.5690217175373391,0.4033436100345398,green,red
2026-08-20 17:11:00,413.45,413.46,413.365,413.45,5194,0.15417142857143468,413.5775,413.6375,413.54166999999995,413.68751000000003,0.02195999999999899,0.04993030303030312,10.0,100.0,1.1015982888214793,0.0,0.9018167717459846,0.4195536530122581,green,red
2026-08-20 17:12:00,413.46,413.48,413.43,413.47,3846,0.1459571428571483,413.5525,413.6375,413.51567000000006,413.64201,0.019967272727275675,0.04639939393939533,0.0,90.0,1.0924323059332648,0.0,0.54202011312384,0.4306368409792185,green,orange
2026-08-20 17:13:00,413.5,413.51,413.42,413.42,2751,0.13738571428571536,413.5475,413.6375,413.49267,413.61401000000006,0.018121212121217516,0.04511878787879051,0.0,80.0,1.0848379828739312,0.0,0.7565153792882029,0.4529136624687453,green,red
2026-08-20 17:14:00,413.41,413.6269,413.38,413.51,6300,0.1400214285714258,413.53,413.6375,413.46467,413.6027,0.023878787878791996,0.04030303030303378,0.0,70.0,1.083124903045191,0.08918223701414263,-0.0,0.4517089029665158,green,orange
2026-08-20 17:15:00,413.48,413.53,413.39,413.4,6968,0.14573571428571036,413.5215,413.6375,413.44267,413.58269999999993,0.02560606060606298,0.043969696969702106,0.0,60.0,1.0774736540147387,0.0,0.6851479181557352,0.47503485342315344,lime,red
2026-08-20 17:16:00,413.39,413.61,413.38,413.61,6667,0.14466428571428278,413.5215,413.6375,413.5742,413.42167,0.043272727272732014,0.041818181818187534,0.0,50.0,1.0752089174745918,1.0134270077662677,-0.0,0.46817019663717474,green,orange
2026-08-20 17:17:00,413.65,413.6778,413.59,413.64,1844,0.14093571428570936,413.52139999999997,413.6375,413.57498999999996,413.42667,0.05245454545454942,0.03660606060606606,10.0,40.0,1.0677054282998464,1.040362610616512,-0.0,0.4703987181867433,green,red
2026-08-20 17:18:00,413.63,413.66,413.58,413.61,2580,0.14093571428571344,413.52139999999997,413.6375,413.57318999999995,413.44767,0.0530909090909118,0.03106060606060813,0.0,30.0,1.0599883740168494,0.6188407882211777,-0.0,0.4592115512576811,lime,red
2026-08-20 17:19:00,413.58,413.62,413.41,413.43,3372,0.1473642857142831,413.52139999999997,413.6375,413.4455,413.57597,0.04581818181818287,0.04269696969696996,80.0,20.0,1.05715849027668,0.0,0.7953867454307328,0.4774108749760444,lime,red
2026-08-20 17:20:00,413.46,413.59,413.42,413.571,20118,0.15200714285713599,413.5289,413.6375,413.43649999999997,413.57647,0.051363636363638575,0.04730303030302948,70.0,10.0,1.0528769053739118,0.41027985066421024,-0.0,0.4526165222096097,green,orange
2026-08-20 17:21:00,413.61,413.73,413.61,413.68,2141,0.15408571428570944,413.555,413.6375,413.60347,413.46099999999996,0.06186969696969793,0.045166666666665724,100.0,0.0,1.0482311363201724,1.1204712880578427,-0.0,0.41729474622843554,green,red
2026-08-20 17:22:00,413.69,413.94,413.67,413.78,8150,0.15137142857142294,413.65999999999997,413.64,413.64947,413.485,0.07234848484848157,0.03777272727272616,100.0,20.0,1.04773882495697,1.5995047926895722,-0.0,0.4467578644414516,green,red
2026-08-20 17:23:00,413.78,413.805,413.725,413.75,9305,0.14562142857142085,413.65999999999997,413.64,413.67897000000005,413.5155,0.07040606060605487,0.033575757575753915,90.0,10.0,1.0402214367073996,1.0232546348726146,-0.0,0.4633245537113453,lime,red
2026-08-20 17:24:00,413.73,413.78,413.58,413.67,39263,0.15454999999999228,413.65999999999997,413.64,413.69428,413.53549999999996,0.06131515151514543,0.03612121212120562,80.0,0.0,1.0372192223403252,0.20114121054177758,-0.0,0.4546130337912473,lime,red
2026-08-20 17:25:00,413.66,413.725,413.6,413.66,8087,0.15276428571427964,413.675,413.65250000000003,413.71378000000004,413.5565,0.04976969696969156,0.03563636363635517,70.0,10.0,1.0314720301169216,0.05730714634864853,-0.0,0.4487148431832111,lime,red
2026-08-20 17:26:00,413.7,413.84,413.68,413.82,33637,0.16204999999998954,413.675,413.65250000000003,413.73678,413.5865,0.053315151515143745,0.03199999999999157,60.0,0.0,1.0278173098157506,1.1644763878280173,-0.0,0.5016227980718213,green,red
2026-08-20 17:27:00,413.8,413.82,413.47,413.52,16320,0.18062142857141744,413.675,413.65250000000003,413.5745,413.75100000000003,0.052739393939385315,0.05327272727272086,50.0,20.0,1.030489136717592,0.0,1.283917812008326,0.5020012161530758,lime,red
2026-08-20 17:28:00,413.59,413.71,413.59,413.705,7869,0.17655714285713284,413.68,413.65250000000003,413.57550000000003,413.75600000000003,0.06470909090908276,0.06272727272726822,40.0,10.0,1.0272142453504158,0.2945074480862786,-0.0,0.49824191964614784,green,orange
2026-08-20 17:29:00,413.74,414.135,413.74,413.835,12710,0.19727142857142002,413.8025,413.75,413.8075,413.6085,0.07669393939393225,0.061545454545451274,100.0,0.0,1.0328521028969118,1.1329374102825795,-0.0,0.5424390918685731,green,red
2026-08-20 17:30:00,413.85,413.865,413.635,413.635,6522,0.19727142857142002,413.8025,413.75,413.83500000000004,413.63,0.07692121212120596,0.07036363636363283,90.0,0.0,1.0310335818679435,0.0,0.5923147550572594,0.5367647332988099,lime,red
2026-08-20 17:31:00,413.69,414.125,413.69,414.11,7867,0.22599999999999096,413.8025,413.75,413.8745,413.63800000000003,0.110718181818179,0.07248484848484509,80.0,60.0,1.0388532460492643,2.9088958248570407,-0.0,0.6786998095950594,green,orange
2026-08-20 17:32:00,414.1,414.16,414.08,414.13,9011,0.22599999999999096,413.81500000000005,413.76250000000005,413.8965,413.679,0.1251333333333314,0.06787878787878505,100.0,50.0,1.031424713588773,2.352193050440974,-0.0,0.7865748266119681,lime,red
2026-08-20 17:33:00,414.13,414.2797,414.11,414.11,8187,0.2231214285714194,413.87485000000004,413.82235000000003,413.94397,413.71750000000003,0.12348484848484693,0.0584242424242389,100.0,40.0,1.0273893664528846,1.6020448020981348,-0.0,0.8390808003035772,lime,red
2026-08-20 17:34:00,414.11,414.33,414.1,414.31,5507,0.22740714285713384,413.9,413.84749999999997,413.99897,413.7695,0.12439393939393684,0.0484545454545417,100.0,30.0,1.0256254727883545,2.5755520741694227,-0.0,0.9737554864195772,green,red
2026-08-20 17:35:00,414.3,414.355,414.19,414.2,7986,0.2278357142857073,413.9125,413.86,414.06197000000003,413.82849999999996,0.11706060606060346,0.04866666666666427,100.0,20.0,1.0214742180604717,1.0832794004465995,-0.0,0.9951068495736308,lime,red
2026-08-20 17:36:00,414.18,414.22,414.13,414.22,4058,0.21497857142856805,413.97249999999997,413.86,414.09997000000004,413.8735,0.10427272727272856,0.044545454545453306,90.0,10.0,1.0145894758798684,0.835108167184444,-0.0,1.0508207118170958,lime,red
2026-08-20 17:37:00,414.21909,414.2399,414.16,414.2,7843,0.2149714285714229,413.995,413.8675,414.14196000000004,413.9425,0.08548484848485222,0.03854545454545739,80.0,0.0,1.007399881121068,0.3439756263964,-0.0,1.0890344153684737,lime,red
2026-08-20 17:38:00,414.195,414.235,414.12,414.235,4501,0.2088999999999958,413.995,413.8675,414.19446,413.9955,0.07012121212121897,0.03084848484848986,70.0,0.0,1.0015808823098575,0.35013701892410154,-0.0,1.117455361154157,green,red
2026-08-20 17:39:00,414.21,414.27,414.18,414.19,6523,0.206399999999994,414.02250000000004,413.8675,414.20796,414.03950000000003,0.0548787878787955,0.028333333333340635,60.0,10.0,0.994895073486758,0.0,0.2233848190559229,1.0661343649707078,lime,red
2026-08-20 17:40:00,414.17,414.3181,414.16,414.215,6068,0.20483571428571118,414.2175,413.8675,414.25327,414.092,0.04293939393939933,0.0242878787878865,50.0,0.0,0.99079582275189,0.0,0.16761549189766356,1.0457709319280184,green,orange
2026-08-20 17:41:00,414.2,414.24,414.18,414.18,7499,0.18412142857142808,414.2275,413.8675,414.26477000000006,414.14099999999996,0.030196969696972897,0.02360606060606515,40.0,0.0,0.9831078645243713,0.0,0.5527806573132921,1.0331123136385258,green,red
2026-08-20 17:42:00,414.16,414.27,414.16,414.23,4302,0.17840714285713943,414.2275,413.88250000000005,414.27577,414.149,0.025803030303033363,0.021257575757577783,30.0,0.0,0.9773467858791258,0.0,0.23799233213537718,1.0404224850165065,green,orange
2026-08-20 17:43:00,414.24,414.3099,414.24,414.285,6164,0.15339999999999673,414.2375,413.88250000000005,414.27878999999996,414.162,0.02666666666667049,0.018242424242424875,20.0,10.0,0.9705296180203349,0.04724629678207748,-0.0,1.043826966887309,green,orange
2026-08-20 17:44:00,414.29,414.36,414.27,414.3251,5612,0.14339999999999772,414.24,413.885,414.28179,414.179,0.028751515151518595,0.014242424242424381,100.0,0.0,0.9641543218401328,0.16321107675082658,-0.0,1.0214819407738105,green,red
2026-08-20 17:45:00,414.32,414.3305,414.25,414.33,6384,0.11414999999999509,414.24,413.89,414.27933999999993,414.18500000000006,0.02791424242424158,0.010363636363635895,90.0,30.0,0.9574912786217306,0.0,0.0005112304205567852,0.9777356910956314,lime,red
2026-08-20 17:46:00,414.335,414.45,414.29,414.44,4518,0.11986428571427561,414.28499999999997,413.96000000000004,414.30234,414.201,0.03480454545454288,0.00754545454545354,100.0,20.0,0.953836365835512,0.6257862352470056,-0.0,0.9911247027386025,green,orange
2026-08-20 17:47:00,414.44,414.5299,414.41,414.445,5675,0.11630714285713241,414.34495000000004,413.99995,414.33134,414.226,0.03708909090908743,0.005393939393937934,100.0,10.0,0.9487343021771559,0.35549751193741486,-0.0,0.855391180171182,lime,red
2026-08-20 17:48:00,414.45,414.52,414.44,414.46,15816,0.10559285714284831,414.34495000000004,413.99995,414.35983999999996,414.258,0.03649818181817733,0.003757575757574235,90.0,0.0,0.942206959155384,0.21147646077054105,-0.0,0.7751606472265848,lime,red
2026-08-20 17:49:00,414.44,414.45,414.37,414.43,9410,0.10023571428570222,414.34495000000004,413.99995,414.37784,414.27700000000004,0.031846666666661756,0.00496969696969314,80.0,10.0,0.9361148895638292,0.0,0.22684745635729087,0.7169809272643306,lime,red
2026-08-20 17:50:00,414.43,414.5099,414.4,414.435,40803,0.10165714285713127,414.34495000000004,413.99995,414.39702,414.30100000000004,0.027149696969692022,0.005469696969692167,70.0,0.0,0.9308200406681925,0.0,0.3163964232652461,0.467954302264161,green,red
2026-08-20 17:51:00,414.43,414.435,414.33,414.33,10362,0.10344999999999313,414.38495,413.99995,414.41652000000005,414.316,0.022089090909086433,0.014696969696966667,60.0,10.0,0.9253968402615111,0.0,1.1726938027749156,0.4437714057781932,green,red
2026-08-20 17:52:00,414.36,414.365,414.31,414.33,5258,0.09916428571427868,414.38995,413.99995,414.331,414.42602000000005,0.016998181818177836,0.019242424242422933,50.0,0.0,0.9181778718588963,0.0,1.0763718772915354,0.4203817908280598,green,orange
2026-08-20 17:53:00,414.33,414.35,414.25,414.295,5178,0.0998785714285678,414.38995,414.05994999999996,414.332,414.43003,0.012270909090905792,0.023363636363633034,40.0,0.0,0.9126960931403082,0.0,1.2399216863485663,0.382697252278831,green,red
2026-08-20 17:54:00,414.3,414.375,414.27,414.36,3816,0.09608571428571265,414.38995,414.08245,414.332,414.43153,0.014255757575754884,0.022712121212116406,30.0,10.0,0.9074541322089058,0.0,0.6359801215324978,0.3859287192933607,green,orange
2026-08-20 17:55:00,414.37,414.4,414.3229,414.39,4670,0.09730714285713914,414.38995,414.08245,414.33929,414.43847999999997,0.017256666666662226,0.02078787878787366,20.0,0.0,0.9012322908868158,0.0,0.4068409454242783,0.37902424246385635,green,orange
2026-08-20 17:56:00,414.3899,414.42,414.36,414.4,5836,0.09373571428571381,414.385,414.10995,414.34629000000007,414.43548,0.018075454545448344,0.017696969696965315,10.0,70.0,0.8944399679779478,0.0,0.3662693294438668,0.3746984296968776,green,orange
2026-08-20 17:57:00,414.415,414.485,414.37,414.485,9196,0.09624285714285666,414.37995,414.30494999999996,414.43099,414.34229000000005,0.024121212121208786,0.014606060606056967,0.0,60.0,0.8897505682981687,0.2081530970934864,-0.0,0.3811253248172761,green,orange
2026-08-20 17:58:00,414.48,414.54,414.445,414.445,5142,0.0965999999999992,414.395,414.32000000000005,414.43298999999996,414.34279,0.02618181818181745,0.01515151515151412,100.0,50.0,0.884368062615188,0.0,0.24160885473804683,0.3789125819972696,lime,red
2026-08-20 17:59:00,414.48,414.54,414.42,414.43,5181,0.09942142857143008,414.395,414.32000000000005,414.44199,414.34779,0.025318181818182562,0.01548484848484801,90.0,40.0,0.8799643819890363,0.0,0.4117458955829534,0.35352374677302123,green,red
2026-08-20 18:00:00,414.484,414.535,414.48,414.535,3222,0.09549285714286222,414.395,414.33000000000004,414.44450000000006,414.35578999999996,0.03127272727272983,0.014045454545454174,80.0,30.0,0.8750497381691467,0.3211865755145027,-0.0,0.3573109033285391,green,orange
2026-08-20 18:01:00,414.55,414.55,414.335,414.46,4762,0.10228571428572357,414.4,414.33500000000004,414.45599999999996,414.35629,0.03318181818182176,0.01772727272727624,100.0,20.0,0.8742542407874564,0.0,0.4005465206489589,0.311474063388232,lime,red
2026-08-20 18:02:00,414.435,414.535,414.435,414.52,2628,0.10371428571429776,414.40999999999997,414.33500000000004,414.47300000000007,414.36879,0.03675757575757988,0.019000000000006147,90.0,10.0,0.8692116983795826,0.00778847832179963,-0.0,0.2918380364719724,green,orange
2026-08-20 18:03:00,414.55,414.69,414.55,414.69,4068,0.1094285714285864,414.50645,414.405,414.50700000000006,414.39879,0.049939393939399335,0.018181818181825418,100.0,0.0,0.8668095813957873,1.1173638937134456,-0.0,0.36539053016122125,green,red
2026-08-20 18:04:00,414.68,414.705,414.57,414.65,9523,0.11122142857144013,414.52,414.4325,414.5400000000001,414.42879000000005,0.0542424242424302,0.01913636363637207,100.0,0.0,0.8631364855818291,0.46626356225715426,-0.0,0.4029052388978016,lime,red
2026-08-20 18:05:00,414.675,414.705,414.555,414.61,9787,0.11443571428572293,414.52,414.4325,414.5705,414.45200000000006,0.0509545454545513,0.022363636363641692,90.0,0.0,0.86005512072601,0.0,0.04917132492153087,0.4144444600648285,lime,red
2026-08-20 18:06:00,414.585,414.63,414.44,414.44,5558,0.1240785714285794,414.52,414.4325,414.46000000000004,414.5915,0.042666666666671606,0.03812121212121638,80.0,50.0,0.8584845695187497,0.0,1.385775053338989,0.4144444600648285,green,red
2026-08-20 18:07:00,414.43,414.43,414.2,414.23,11024,0.13407857142857843,414.4525,414.4325,414.44300000000004,414.58599999999996,0.03484848484848864,0.06348484848484984,70.0,100.0,0.8587797238235626,0.0,2.7043588855354983,0.46161615400296796,green,red
2026-08-20 18:08:00,414.23,414.23,414.01,414.07,14235,0.1422928571428648,414.35749999999996,414.35749999999996,414.3995,414.555,0.027954545454548275,0.08760606060606274,60.0,100.0,0.858331926585328,0.0,3.3476441228890508,0.5707345220760089,green,red
2026-08-20 18:09:00,414.09,414.16,414.09,414.155,8429,0.14321428571429756,414.35749999999996,414.35749999999996,414.3665,414.517,0.029333333333333527,0.09248484848485083,50.0,90.0,0.8530786073194758,0.0,2.0545183786822463,0.6202681932290943,green,orange
2026-08-20 18:10:00,414.1,414.109743,413.94,413.96,12621,0.15428571428572418,414.3225,414.3225,414.3125,414.4744743,0.0276212121212106,0.10265151515151687,40.0,100.0,0.8525028212462802,0.0,3.0282287685014353,0.7400220480039934,green,red
2026-08-20 18:11:00,413.94,413.94,413.79,413.79,15650,0.15821428571429205,414.2475,414.2475,414.258,414.41347429999996,0.023772727272724944,0.11546969696969374,30.0,100.0,0.8502677930338158,0.0,3.577110370001151,0.9136733263710539,green,red
2026-08-20 18:12:00,413.815,413.85,413.5,413.565,18658,0.17642857142857743,414.10249999999996,414.10249999999996,414.1645,414.3449743,0.01772727272727038,0.13568181818181432,20.0,100.0,0.8547151151034785,0.0,4.361252817103605,1.1595389283114628,green,red
2026-08-20 18:13:00,413.56,413.68,413.56,413.58,9441,0.17642857142857743,414.10249999999996,414.10249999999996,414.0655,414.2439743,0.013909090909087388,0.1348030303030269,10.0,90.0,0.8506079639524439,0.0,3.2028316253206413,1.3373229346472044,green,orange
2026-08-20 18:14:00,413.61,413.66,413.59,413.63,7319,0.1746428571428648,414.065,414.10249999999996,413.96750000000003,414.13947429999996,0.015954545454542484,0.12030303030302802,0.0,80.0,0.845061884312921,0.0,2.007455117510517,1.4582653718345,green,orange
2026-08-20 18:15:00,413.63,413.79,413.61,413.7,29039,0.17214285714286298,413.96500000000003,414.10249999999996,413.87300000000005,414.04797429999996,0.023060606060603173,0.09866666666666495,0.0,70.0,0.8432712654697921,0.0,0.9044398465158565,1.5319128049796973,green,orange
2026-08-20 18:16:00,413.69,413.72,413.4,413.48,11408,0.18785714285715066,413.815,414.0525,413.76900000000006,413.9569743,0.025606060606058162,0.09763636363635958,0.0,100.0,0.8466785528150961,0.0,2.1119983681518306,1.655509144121993,green,red
2026-08-20 18:17:00,413.49,413.655,413.49,413.5787,9356,0.18821428571428914,413.78,414.0525,413.698,413.87947429999997,0.0329121212121198,0.08984848484847961,0.0,90.0,0.8446867672869435,0.0,0.745920305398613,1.7084806929761953,green,orange
2026-08-20 18:18:00,413.57,413.94,413.47,413.8828,72354,0.2121428571428591,413.7548715,414.0525,413.85047430000003,413.64400000000006,0.06164212121211607,0.07712121212120658,0.0,80.0,0.8536298996140729,1.80753595807289,-0.0,1.694004267054538,green,orange
2026-08-20 18:19:00,413.88,414.18,413.88,414.1348,19893,0.22285714285714725,413.78999999999996,414.0525,413.8524743,413.62299999999993,0.09771242424241798,0.060303030303025584,100.0,70.0,0.8561936006179325,3.413457122232444,-0.0,1.6655973318773931,green,red
2026-08-20 18:20:00,414.11,414.13,414.04,414.1,7704,0.2160571428571448,413.78999999999996,414.0525,413.85450000000003,413.633,0.11027999999999366,0.048254545454538146,90.0,60.0,0.8511392646117519,2.5736807451806953,-0.0,1.6107428780925375,lime,red
2026-08-20 18:21:00,414.08,414.19,414.075,414.18,9097,0.20712857142857338,413.79499999999996,414.0525,413.8795,413.6615,0.11133515151514489,0.03709272727271892,100.0,50.0,0.8468828719656347,2.7106117233375926,-0.0,1.5713692012682259,green,red
2026-08-20 18:22:00,414.17,414.3,414.17,414.25,3884,0.20069999999999968,413.85,414.0525,413.92449999999997,413.7285,0.10745999999999271,0.027392727272718853,100.0,40.0,0.8432240432459783,2.715208794840578,-0.0,1.520714924791605,green,red
2026-08-20 18:23:00,414.24,414.25,414.09,414.1259,7549,0.2056999999999992,413.85,414.0525,413.98150000000004,413.78149999999994,0.09791818181817473,0.03148121212120473,90.0,30.0,0.8407118028135194,1.2943294771332603,-0.0,1.3941749306386555,lime,red
2026-08-20 18:24:00,414.12,414.2,414.11,414.17,8436,0.19677142857142776,413.85,414.0525,414.03549999999996,413.8335,0.08730969696969204,0.03255969696969067,80.0,20.0,0.8356346847853834,1.37394449059002,-0.0,1.2677165673430864,green,red
2026-08-20 18:25:00,414.19,414.35,414.19,414.311,6916,0.1974857142857169,413.91,414.0525,414.0915,413.8915,0.08599424242423592,0.029807272727267634,100.0,10.0,0.8339383379375298,2.1163557462466542,-0.0,1.1671255803809117,green,red
2026-08-20 18:26:00,414.315,414.4198,414.315,414.3717,4651,0.18025714285714603,413.9449,414.0525,414.16148000000004,413.983,0.08402363636362896,0.022918181818177993,100.0,0.0,0.8296245545581556,2.0973861517268233,-0.0,1.145192116983253,lime,red
2026-08-20 18:27:00,414.39,414.45,414.36,414.445,3429,0.17811428571428678,414.16499999999996,414.0525,414.24098000000004,414.07000000000005,0.08030393939393365,0.01802909090908808,100.0,10.0,0.8246583090125732,2.1490836357651233,-0.0,1.2020974895050358,green,red
2026-08-20 18:28:00,414.4,414.46,414.35,414.35,4086,0.18025714285713793,414.25,414.0525,414.29298,414.158,0.0678987878787845,0.023109696969692266,100.0,0.0,0.8204817259224458,0.9567886886691213,-0.0,1.2462071702233288,lime,red
2026-08-20 18:29:00,414.3799,414.5064,414.3606,414.424,5416,0.17857142857142044,414.2907,414.0525,414.32561999999996,414.20606,0.06089484848484248,0.025114545454539953,100.0,0.0,0.81806370866322,1.2250842293843789,-0.0,1.298685168103816,green,red
2026-08-20 18:30:00,414.385,414.58,414.37,414.58,6213,0.17071428571427255,414.335,414.0525,414.37062,414.23906,0.0671472727272656,0.023664848484843265,100.0,0.0,0.817653071576587,2.0100441632422417,-0.0,1.3967196786002205,green,red
2026-08-20 18:31:00,414.58,414.62,414.52,414.52,6523,0.16535714285713457,414.355,414.015,414.41362,414.28356,0.06701212121211425,0.02481939393938984,100.0,0.0,0.8131765408608219,1.0513655454485615,-0.0,1.4418967068484108,lime,red
2026-08-20 18:32:00,414.52,414.5916,414.51,414.57,6825,0.1376142857142822,414.365,414.01,414.44278,414.31756000000007,0.06477393939393479,0.02382121212120882,90.0,10.0,0.8080639754522151,1.0780262802779816,-0.0,1.4262162851990752,green,red
2026-08-20 18:33:00,414.57,414.6,414.45,414.48,7808,0.1268999999999981,414.405,414.01,414.47778,414.35356,0.056487272727269666,0.028928484848479874,80.0,0.0,0.8055333356976941,0.08150091547690863,-0.0,1.3655719632824912,lime,red
2026-08-20 18:34:00,414.43,414.52,414.42,414.44,4743,0.12727142857142684,414.4675,414.01,414.50978,414.3845600000001,0.047049090909088896,0.033254848484844585,70.0,0.0,0.8011780023407159,0.0,0.34120700183223107,1.2887638824847727,lime,red
2026-08-20 18:35:00,414.4,414.54,414.39,414.5,5277,0.12977142857142862,414.485,414.01,414.52878,414.40456000000006,0.04201181818181715,0.033484848484845765,60.0,0.0,0.79871622231731,0.04944869828420906,-0.0,1.221843786878594,green,orange
2026-08-20 18:36:00,414.47,414.72,414.46,414.7,5457,0.13905714285714663,414.535,414.06,414.55879999999996,414.41906,0.05434181818181676,0.029636363636362174,100.0,0.0,0.8003490600941386,1.3600826662104737,-0.0,1.0546920166850668,green,red
2026-08-20 18:37:00,414.71,414.78,414.7,414.78,5415,0.133342857142858,414.5703,414.09,414.5918,414.45306,0.0654239393939363,0.024454545454544573,100.0,10.0,0.7953055694931965,1.5098946619792741,-0.0,0.8921803112278894,green,red
2026-08-20 18:38:00,414.785,414.825,414.66,414.675,18616,0.13870000000000005,414.59749999999997,414.11249999999995,414.6283,414.48406000000006,0.06554333333332955,0.028818181818178,100.0,0.0,0.7934575137982632,0.2818568277564282,-0.0,0.808498544447616,lime,red
2026-08-20 18:39:00,414.68,414.69,414.555,414.63,12781,0.13548571428571318,414.60749999999996,414.11249999999995,414.64666,414.5035,0.05671515151514809,0.03399999999999594,90.0,0.0,0.7905179386602802,0.0,0.25272388940095425,0.7900552209579246,lime,red
2026-08-20 18:40:00,414.625,414.63,414.545,414.63,5606,0.13378571428570954,414.60749999999996,414.11249999999995,414.65166,414.521,0.04611515151514864,0.03416666666666298,80.0,0.0,0.7857577592736765,0.0,0.34559796820929023,0.7444614086738284,green,red
2026-08-20 18:41:00,414.63,414.659,414.61,414.62,5790,0.13085714285713834,414.60749999999996,414.11249999999995,414.65556,414.53000000000003,0.037381818181815636,0.030393939393935865,70.0,40.0,0.779713181680939,0.0,0.48621899327997653,0.7100038024761943,green,red
2026-08-20 18:42:00,414.61,414.69,414.6,414.6586,10882,0.1294285714285682,414.60749999999996,414.14750000000004,414.66540000000003,414.53900000000004,0.03332727272726805,0.02527272727272375,60.0,30.0,0.7752460498641287,0.0,0.24192812695503108,0.6930603302924965,green,orange
2026-08-20 18:43:00,414.655,414.66,414.51,414.575,14522,0.12897142857143049,414.60749999999996,414.14750000000004,414.6714,414.54499999999996,0.02867939393938827,0.02775151515151106,50.0,20.0,0.7730435893654886,0.0,0.9251084667033638,0.5995288995743522,green,red
2026-08-20 18:44:00,414.575,414.6,414.48,414.53,23971,0.12254285714286084,414.6425,414.35249999999996,414.55100000000004,414.6794,0.02293090909090345,0.03169454545454273,40.0,10.0,0.7697531534718338,0.0,1.172692966886757,0.4999858064862792,green,red
2026-08-20 18:45:00,414.535,414.56,414.42,414.455,14090,0.1254000000000011,414.6225,414.4325,414.554,414.68140000000005,0.016047272727268014,0.03855212121211859,30.0,0.0,0.767235621937115,0.0,1.5686900201217213,0.4595146413718112,green,red
2026-08-20 18:46:00,414.42,414.42,414.33,414.4,5127,0.12849999999999845,414.5775,414.45,414.541,414.6514,0.009709090909087142,0.04354727272727108,20.0,100.0,0.7641882657177439,0.0,1.7174775687163901,0.4510572580683174,green,red
2026-08-20 18:47:00,414.41,414.43,414.35,414.43,8853,0.12349999999999486,414.51,414.4575,414.50600000000003,414.6164,0.00827999999999978,0.04226969696969598,10.0,90.0,0.7595063830605657,0.0,1.2042202057210716,0.4541343848793531,green,orange
2026-08-20 18:48:00,414.45,414.52,414.39,414.52,11798,0.12564285714285411,414.51,414.4575,414.479,414.58590000000004,0.015972121212120893,0.036492121212121,0.0,80.0,0.75672131922996,0.0,0.35760295317061264,0.4157463517619817,green,orange
2026-08-20 18:49:00,414.52,414.64,414.5,414.64,10834,0.12492857142856499,414.51,414.4675,414.58090000000004,414.47349999999994,0.03102787878787856,0.029835757575757568,0.0,70.0,0.7543341060376599,0.5251610247904637,-0.0,0.40273225996156725,green,orange
2026-08-20 18:50:00,414.64,414.7662,414.61,414.75,13242,0.11751428571427677,414.5481,414.5075,414.59452,414.48,0.047326060606061406,0.02422484848484859,100.0,60.0,0.7525701649772837,1.1390056112310276,-0.0,0.43488734119239325,green,red
2026-08-20 18:51:00,414.7599,414.93,414.75,414.755,24471,0.12465714285713554,414.63,414.6225,414.62162,414.494,0.05238181818181973,0.019204848484848686,100.0,50.0,0.7517044633275112,0.8531117047533598,-0.0,0.45985577779492814,lime,red
2026-08-20 18:52:00,414.78,414.99,414.7799,414.88,11750,0.1296571428571391,414.65999999999997,414.65999999999997,414.65162,414.5119900000001,0.06060424242424425,0.014412121212121473,100.0,40.0,0.7528824186942366,1.4809371432181706,-0.0,0.5286852506604873,green,red
2026-08-20 18:53:00,414.88,414.9,414.82,414.85,8271,0.1257285714285672,414.65999999999997,414.65999999999997,414.67562,414.54299000000003,0.06040484848485007,0.01240727272727051,90.0,30.0,0.7483135945072935,0.8431258811191356,-0.0,0.5592270319049248,lime,red
2026-08-20 18:54:00,414.87,414.93,414.84,414.91,4581,0.12608571428571377,414.65999999999997,414.65999999999997,414.70862,414.57899,0.061181818181819725,0.010010909090905353,80.0,20.0,0.7441604585622218,0.9799617768419466,-0.0,0.5884169391388241,green,red
2026-08-20 18:55:00,414.94,414.97,414.8,414.83,9466,0.1347285714285736,414.67,414.65999999999997,414.74962000000005,414.61699,0.055545454545455876,0.014712121212120751,70.0,10.0,0.7430088539766001,0.07087352674147951,-0.0,0.5942068836534418,lime,red
2026-08-20 18:56:00,414.86,414.91,414.82,414.87,11028,0.1347285714285777,414.69,414.65999999999997,414.79862,414.66598999999997,0.051363636363639255,0.016469696969699046,60.0,0.0,0.7389087654368354,0.2193556837687538,-0.0,0.6224051562091972,green,red
2026-08-20 18:57:00,414.8699,414.885,414.83,414.87,5051,0.12794285714286144,414.745,414.65999999999997,414.84412000000003,414.71399,0.04360606060606418,0.016409090909094072,50.0,0.0,0.7335546777824672,0.04600859102595223,-0.0,0.6408028266840802,lime,red
2026-08-20 18:58:00,414.86,414.86,414.67,414.69,7686,0.13365714285714603,414.8,414.65999999999997,414.74199,414.87812,0.034666666666670454,0.03060606060606412,40.0,0.0,0.7336191310046422,0.0,1.3826366650044974,0.640964347109275,lime,red
2026-08-20 18:59:00,414.67,414.75,414.63,414.6801,6876,0.1322285714285759,414.81,414.65999999999997,414.75499,414.88912,0.02539393939394265,0.03877878787879296,30.0,0.0,0.7307229396945959,0.0,1.2649583138653497,0.6395883448725499,green,orange
2026-08-20 19:00:00,414.685,414.685,414.32,414.61,23182,0.14937142857143368,414.655,414.655,414.72599,414.881,0.017848484848487563,0.04638878787879073,20.0,100.0,0.7369207102976503,0.0,1.5905498243489546,0.6410792777578536,green,red
2026-08-20 19:01:00,414.62,414.6689,414.59,414.59,3041,0.14929285714286575,414.645,414.655,414.70999,414.85488999999995,0.01230303030303255,0.04669545454545913,10.0,90.0,0.732470803194675,0.0,1.4678246565108566,0.6438489430162235,green,orange
2026-08-20 19:02:00,414.595,414.6,414.523,414.59,2969,0.14550714285715166,414.645,414.655,414.6843,414.81589,0.007833333333335165,0.043335151515156954,0.0,80.0,0.7279950951627282,0.0,1.211355369374587,0.6482010795490396,green,orange
2026-08-20 19:03:00,414.5861,414.72,414.57,414.65,5503,0.14622142857144077,414.645,414.655,414.6593,414.79789,0.010318181818183458,0.03691090909091503,20.0,70.0,0.7262651442111021,0.0,0.5658440433393253,0.6422663880451864,green,orange
2026-08-20 19:04:00,414.6601,414.7,414.55,414.6575,10676,0.1457785714285811,414.615,414.655,414.6303,414.77488999999997,0.011893939393945285,0.030092727272732173,10.0,60.0,0.7245524927689904,0.0,0.4305762631867083,0.6279913991633066,green,orange
2026-08-20 19:05:00,414.65,414.69,414.63,414.6692,8898,0.13720714285715221,414.60249999999996,414.655,414.6133,414.74689,0.012980303030307692,0.02345636363636734,0.0,50.0,0.7195269678413004,0.0,0.2895365349996837,0.5911092430442295,green,orange
2026-08-20 19:06:00,414.65,414.785,414.64,414.785,11411,0.13077857142858257,414.59000000000003,414.655,414.73438999999996,414.59529999999995,0.02222393939394568,0.017638181818184617,0.0,40.0,0.7176966981628888,0.5716488535858844,-0.0,0.5278189386037866,green,orange
2026-08-20 19:07:00,414.78,414.87,414.78,414.85,3707,0.1314928571428717,414.595,414.655,414.73289000000005,414.5903,0.032684848484854694,0.01230484848485062,0.0,30.0,0.7138497311812612,0.8751342850541732,-0.0,0.46978910201232793,green,red
2026-08-20 19:08:00,414.86,415.0,414.82,414.95,15979,0.13792142857144135,414.65999999999997,414.65999999999997,414.74689,414.6053,0.045317575757578964,0.007213939393940991,100.0,20.0,0.7133712338694489,1.3542167822424744,-0.0,0.46351152867134715,green,red
2026-08-20 19:09:00,414.9662,415.0573,414.96,415.035,19679,0.13344285714286944,414.79015000000004,414.68865,414.77762,414.63829999999996,0.05563575757576139,0.003759393939395061,100.0,10.0,0.7102076215307547,1.606441339504272,-0.0,0.5137405758903242,green,red
2026-08-20 19:10:00,415.055,415.065,414.9,414.94,5878,0.1388000000000115,414.794,414.6925,414.81562,414.69629999999995,0.05680242424242854,0.010122121212124526,100.0,0.0,0.7092105453154479,0.4934384559959426,-0.0,0.5340979117314646,lime,red
2026-08-20 19:11:00,414.94,414.95,414.9,414.94,4434,0.13844285714286894,414.8075,414.6925,414.84372999999994,414.7273,0.051544848484853086,0.013985151515155772,90.0,10.0,0.7039684398622938,0.2978557016109562,-0.0,0.5512606703586016,lime,red
2026-08-20 19:12:00,414.97,415.06,414.97,415.06,7217,0.13272857142858438,414.8075,414.6925,414.88973,414.77200000000005,0.05436303030303441,0.015030303030307446,80.0,0.0,0.7013687554636711,1.0027654444502332,-0.0,0.5969783477955843,green,red
2026-08-20 19:13:00,415.08,415.25,415.075,415.23,15313,0.13772857142858388,414.94,414.78499999999997,414.9427299999999,414.82250000000005,0.06790848484848971,0.013242424242428046,100.0,10.0,0.7013850679090342,1.9025919900491317,-0.0,0.7092570392575226,green,red
2026-08-20 19:14:00,415.24,415.26,415.185,415.2086,8333,0.11701428571429671,414.95,414.78999999999996,414.99872999999997,414.88599999999997,0.07093878787879276,0.013460606060611939,100.0,0.0,0.6971462172299435,1.2117484916990406,-0.0,0.7870613709430927,lime,red
2026-08-20 19:15:00,415.205,415.29,415.205,415.25,9332,0.11745000000001125,415.03499999999997,414.805,415.05873,414.94350000000003,0.06798272727273282,0.012835757575764417,100.0,0.0,0.6933197550576453,1.1075520358247104,-0.0,0.8699757295761401,lime,red
2026-08-20 19:16:00,415.265,415.37,415.26,415.3184,15381,0.12052142857144028,415.095,414.845,415.11723,415.0054999999999,0.06428090909091404,0.011432727272734046,100.0,0.0,0.690826557507069,1.2071411141437238,-0.0,0.9633673827004259,green,red
2026-08-20 19:17:00,415.31,415.315,415.195,415.21,11745,0.1186214285714381,415.135,414.845,415.16173,415.047,0.0575254545454589,0.01917090909091643,90.0,0.0,0.6884840919319984,0.002076818072396236,-0.0,1.0077601627518789,lime,red
2026-08-20 19:18:00,415.23,415.27,415.185,415.185,12364,0.11397857142858113,415.135,414.845,415.18873,415.0835,0.04823090909091272,0.02491151515152031,80.0,0.0,0.6847442510126778,0.0,0.34331631210363867,1.0198627556519568,lime,red
2026-08-20 19:19:00,415.18,415.18,415.02,415.04,13557,0.12147857142858243,415.135,414.845,415.08949999999993,415.201,0.03831030303030581,0.03890727272727431,70.0,10.0,0.6840018085025517,0.0,1.471549490297548,0.999030024493436,green,red
2026-08-20 19:20:00,415.04,415.101,414.97,414.985,10514,0.12047857142857765,415.17,414.845,415.0965,415.2046,0.0299654545454566,0.04766848484848444,60.0,0.0,0.6820087904175252,0.0,1.6925692226209321,0.9503306573293457,green,red
2026-08-20 19:21:00,414.97,415.0,414.87,414.92,17933,0.1233357142857179,415.12,414.845,415.09350000000006,415.20959999999997,0.022438787878789324,0.054929696969695775,50.0,100.0,0.6799987025133498,0.0,1.9182391642090124,0.8866627320265934,green,red
2026-08-20 19:22:00,414.91,415.07,414.9,415.05,21246,0.12262142857143285,415.12,414.845,415.0865,415.2106,0.02698787878787932,0.0533727272727259,40.0,90.0,0.6794887154882169,0.0,0.6731858231279375,0.8112927308321787,green,orange
2026-08-20 19:23:00,415.08,415.26,415.065,415.24,5407,0.12995714285714502,415.12,414.845,415.2116,415.08549999999997,0.04477939393939357,0.04790666666666504,30.0,80.0,0.680463828333334,0.7407241828315136,-0.0,0.7695326403566014,green,orange
2026-08-20 19:24:00,415.23,415.24,415.13,415.14,14625,0.1260285714285731,415.12,414.845,415.2096,415.08000000000004,0.05263151515151432,0.04936484848484876,20.0,70.0,0.6777291900500011,0.0,0.24200415076563786,0.69196850426124,lime,red
2026-08-20 19:25:00,415.13,415.2,415.11,415.13,10425,0.12888571428571335,415.0925,414.845,415.2006,415.0705,0.05063515151515056,0.04798727272727343,10.0,60.0,0.6742818981495002,0.0,0.3630362736674897,0.5940675630055239,green,red
2026-08-20 19:26:00,415.14,415.18,414.99,414.9901,14561,0.13388571428571286,415.07,414.9465,415.04349999999994,415.1816,0.043196969696968825,0.05542727272727461,0.0,50.0,0.6745690791680051,0.0,1.3863402300853522,0.535690098495138,green,red
2026-08-20 19:27:00,415.01,415.02,414.895,414.96,26058,0.12924285714285588,415.065,414.9465,415.0135,415.15209999999996,0.036631515151514395,0.05646030303030571,0.0,40.0,0.672448388376325,0.0,1.3839676577003956,0.5033542307616017,green,orange
2026-08-20 19:28:00,414.96,414.97,414.8,414.83,15163,0.1360285714285721,415.03,414.96000000000004,414.975,415.12209999999993,0.030606060606059988,0.06369060606060899,0.0,100.0,0.6720139044925623,0.0,2.0835678627292964,0.5412941291547213,green,red
2026-08-20 19:29:00,414.83,414.86,414.7374,414.76,6585,0.13871428571428623,414.9987,414.96000000000004,414.94674000000003,415.0901,0.024787878787878293,0.06728969696969905,40.0,100.0,0.669829965447638,0.0,2.177174087601088,0.6130086009054594,green,red
2026-08-20 19:30:00,414.73,414.85,414.675,414.8099,16017,0.14264285714285815,414.9675,415.0,414.91724000000005,415.06499999999994,0.023506060606063545,0.06419878787878915,30.0,100.0,0.669606665793162,0.0,1.3648806844389583,0.6462693523071721,green,orange
2026-08-20 19:31:00,414.79,414.84,414.75,414.8388,13710,0.1402571428571418,414.9675,415.005,414.90524000000005,415.049,0.022885757575759304,0.05568363636363711,20.0,90.0,0.6662405991352295,0.0,0.8636835089214401,0.6684280367871906,green,orange
2026-08-20 19:32:00,414.835,414.91,414.78,414.89,10552,0.14347142857143272,414.9575,415.02250000000004,414.89324,415.033,0.023966969696969764,0.046198787878788304,10.0,80.0,0.6643881931438792,0.0,0.3010625479475948,0.6850425406270233,green,orange
2026-08-20 19:33:00,414.89,414.9194,414.825,414.87,7516,0.13842857142857465,414.9375,415.02250000000004,414.86924,414.99894000000006,0.021498787878786545,0.03909272727272572,0.0,70.0,0.6612371112124407,0.0,0.36801122469398706,0.6807319267916228,green,red
2026-08-20 19:34:00,414.85,414.905,414.81,414.87,6303,0.13585714285714598,414.9275,415.02250000000004,414.83724,414.96544000000006,0.018720606060604654,0.031395757575754746,0.0,60.0,0.6581397401003152,0.0,0.2726802879647039,0.6737957384893889,green,orange
2026-08-20 19:35:00,414.8501,414.9,414.77,414.9,9485,0.13585714285714598,414.84749999999997,415.02250000000004,414.80324,414.93544,0.01850848484848105,0.023880606060602837,0.0,50.0,0.6563683426993119,0.02050127543441249,-0.0,0.6427263167628325,green,orange
2026-08-20 19:36:00,414.9,415.01,414.81,414.95,20737,0.13800000000000118,414.8425,415.02250000000004,414.91844000000003,414.78524,0.022235757575753485,0.01639575757575461,0.0,40.0,0.6572046592723184,0.3935580413445905,-0.0,0.5675986632036256,green,red
2026-08-20 19:37:00,414.96,415.14,414.91,415.1301,11088,0.1394285714285713,414.9075,415.02250000000004,414.93044,414.78674,0.03927515151515119,0.01054636363636105,100.0,30.0,0.6591426126795937,1.6154052734168545,-0.0,0.5441643013756448,green,red
2026-08-20 19:38:00,415.13,415.37,415.13,415.2485,11941,0.14871428571428527,415.02250000000004,415.02250000000004,414.97043999999994,414.81974,0.05716515151514951,0.005848787878785756,100.0,20.0,0.6614311865527982,2.111309454971888,-0.0,0.567326087933111,green,red
2026-08-20 19:39:00,415.22,415.35,415.22,415.345,10652,0.15157142857142958,415.06,415.02250000000004,415.01944000000003,414.86799999999994,0.07094787878787967,0.0029393939393923,90.0,10.0,0.65962687468727,2.3185470963119315,-0.0,0.6544635292373187,green,red
2026-08-20 19:40:00,415.325,415.34,415.21,415.21,9162,0.1476428571428617,415.07,415.02250000000004,415.06844,414.92150000000004,0.07062030303030535,0.013818181818184927,80.0,0.0,0.6580256059403992,0.7924392985387385,-0.0,0.682524867907432,lime,red
2026-08-20 19:41:00,415.225,415.23,415.15,415.19,14531,0.14442857142857893,415.07,415.02250000000004,415.10744000000005,414.9615,0.06329060606061,0.02201515151515578,70.0,0.0,0.6544053498809967,0.4133811743753313,-0.0,0.6970708229109732,lime,red
2026-08-20 19:42:00,415.22,415.235,415.07,415.08,26652,0.1440714285714364,415.07,415.02250000000004,415.13994,414.9905,0.053309393939397785,0.034727272727278345,60.0,30.0,0.6539662963821875,0.0,0.5344664291658319,0.69875873823446,lime,red
2026-08-20 19:43:00,415.065,415.3,415.05,415.1,71298,0.15317142857143398,415.07,415.02250000000004,415.178,415.01300000000003,0.04593818181818892,0.03787878787879339,50.0,20.0,0.6566766334183657,0.0,0.33765795410772625,0.6722072562178028,green,orange
2026-08-20 19:44:00,415.12,415.24,415.045,415.045,37348,0.1546000000000041,415.09000000000003,415.02250000000004,415.2115,415.0365,0.0381769696969784,0.04154545454546051,40.0,10.0,0.6573248670841818,0.0,0.7180768644991531,0.6622852824214078,green,red
2026-08-20 19:45:00,415.04,415.18,414.95,415.18,33328,0.16460000000000719,415.14,415.02250000000004,415.2395,415.0545,0.042116363636371675,0.03950000000000559,30.0,0.0,0.6592616184133406,0.3561599078790323,-0.0,0.6715270152078574,green,orange
2026-08-20 19:46:00,415.1824,415.2399,415.03,415.03,18750,0.17030714285714663,415.15999999999997,415.02250000000004,415.0765,415.26248999999996,0.04034363636364257,0.04915151515152316,20.0,0.0,0.6604353022292074,0.0,0.8524142437715909,0.6714861101719407,lime,red
2026-08-20 19:47:00,415.035,415.0899,414.9258,415.01,40410,0.1752857142857189,415.1379,415.02250000000004,415.07807999999994,415.25748000000004,0.03429818181818646,0.052878787878795075,10.0,0.0,0.6599026492069161,0.0,0.8562553683509577,0.6697208502102967,green,red
2026-08-20 19:48:00,415.0,415.26,415.0,415.26,17208,0.18707142857143463,415.13289999999995,415.02250000000004,415.24647999999996,415.06508,0.048511212121215834,0.050363636363642224,0.0,90.0,0.6629236227148466,1.0889546379502235,-0.0,0.6803873481493383,green,orange
2026-08-20 19:49:00,415.2599,415.42,415.2599,415.3,14802,0.18922142857143495,415.1729,415.0475,415.25347999999997,415.06907,0.05883151515151963,0.04212121212121619,100.0,80.0,0.6622180864876981,1.0928775245110955,-0.0,0.6673192531511631,green,red
2026-08-20 19:50:00,415.27,415.52,415.27,415.4907,18757,0.19279285714286434,415.2229,415.09749999999997,415.27148,415.07507,0.07796212121212524,0.03321212121212408,100.0,70.0,0.6648459056228211,2.165445284354064,-0.0,0.7252955024235916,green,red
2026-08-20 19:51:00,415.5184,415.54,415.25,415.25,46172,0.19707857142858284,415.2329,415.1075,415.30248,415.08507,0.08073606060606386,0.047412121212123674,100.0,60.0,0.6689274465665936,0.0,0.11613205803598703,0.6946740093806056,lime,red
2026-08-20 19:52:00,415.27,415.385,415.2268,415.365,16245,0.19123571428572259,415.2329,415.1075,415.31748,415.10074999999995,0.08598909090909397,0.053130000000002016,90.0,50.0,0.6680915721009264,0.6513743780720915,-0.0,0.6936137104385125,green,orange
2026-08-20 19:53:00,415.36,415.54,415.3253,415.53,14926,0.19728571428572245,415.2329,415.1075,415.34147999999993,415.12828,0.09535515151515096,0.05162545454545614,80.0,40.0,0.6693545563799168,1.6042483735623136,-0.0,0.726707021499692,green,red
2026-08-20 19:54:00,415.552,415.59,415.46,415.48,40731,0.19692857142857584,415.25789999999995,415.1325,415.37648,415.16978,0.09422121212120942,0.047370303030299966,100.0,30.0,0.6674710108161175,0.7889302973876511,-0.0,0.7164092481855278,lime,red
2026-08-20 19:55:00,415.485,415.53,415.41,415.498,37744,0.19978571428571204,415.25789999999995,415.1325,415.4114799999999,415.21578,0.08501151515150902,0.041978787878782044,90.0,20.0,0.6652363007079545,0.6293627984308614,-0.0,0.7017330639140482,lime,red
2026-08-20 19:56:00,415.495,415.52,415.2,415.29,41216,0.21085714285713866,415.29499999999996,415.16999999999996,415.43949000000003,415.23278,0.07088060606059884,0.05401151515150552,80.0,10.0,0.6704239377008746,0.0,1.125390801011008,0.6495612027728157,lime,red
2026-08-20 19:57:00,415.265,415.28,415.1,415.25,53073,0.20657142857142421,415.345,415.17999999999995,415.25020000000006,415.4585,0.05691333333332599,0.06135030303029449,70.0,0.0,0.6707496983238658,0.0,1.2812189396021267,0.6394467990216981,green,red
2026-08-20 19:58:00,415.25,415.3,415.17,415.18,88099,0.20192857142856724,415.345,415.17999999999995,415.26720000000006,415.4625,0.042755151515144925,0.0670042424242347,60.0,0.0,0.6688522013406271,0.0,1.604090342329414,0.6431928288584459,green,red
2026-08-20 19:59:00,415.17,415.3,415.09,415.26,115536,0.2004999999999971,415.34,415.17999999999995,415.25021000000004,415.45050000000003,0.03814242424241698,0.062088484848478426,50.0,100.0,0.669933679327222,0.0,0.7618489587900967,0.637554806181015,green,orange
2026-08-21 13:30:00,420.53,420.6,420.0,420.26,191762,0.5669357142857133,417.845,417.685,415.9585,415.72321,0.4868024242424171,0.05335454545453985,100.0,90.0,0.8608143425339511,35.229785731544325,-0.0,4.524247832144852,green,orange
2026-08-21 13:31:00,420.27,420.71,420.21,420.32,52408,0.5909285714285691,417.9,417.76,416.4755,416.21921000000003,0.7437718181818121,0.04228727272726818,100.0,80.0,0.8707061991086116,27.560214212786605,-0.0,6.230802520274665,lime,red
2026-08-21 13:32:00,420.31,420.58,420.26,420.495,132379,0.5952142857142836,417.9,417.81,416.995,416.72253,0.8310787878787842,0.03340818181817836,90.0,70.0,0.8738391371175251,22.06285516860362,-0.0,7.489245145317,lime,red
2026-08-21 13:33:00,420.495,420.5,419.72,419.77,56472,0.6394928571428531,417.9,417.8179,417.491,417.162,0.744266666666665,0.09189696969696942,80.0,60.0,0.893960745746349,11.0428404739406,-0.0,8.137794275336546,lime,red
2026-08-21 13:34:00,419.7701,419.8087,419.46,419.5,56293,0.6465428571428536,417.9,417.8179,417.91287,417.562,0.6512878787878783,0.14710000000000037,70.0,50.0,0.8979230382888856,5.549748157912404,-0.0,8.541725895139393,lime,red
2026-08-21 13:35:00,419.49,420.14,419.42,420.12,35464,0.6772571428571358,417.9,417.8179,418.37387,417.963,0.6101878787878794,0.16575757575757624,60.0,40.0,0.9155838079059958,7.572541948397884,-0.0,9.034300308695151,green,red
2026-08-21 13:36:00,420.1695,420.42,419.88,420.295,29345,0.7045285714285683,417.9,417.8179,418.86386999999996,418.43100000000004,0.5612363636363659,0.15073333333333358,50.0,30.0,0.9264079698269365,5.876183328989555,-0.0,9.417760350825347,lime,red
2026-08-21 13:37:00,420.29,420.84,420.07,420.79,42621,0.7441928571428532,417.965,417.88289999999995,419.41987,418.928,0.5279545454545488,0.1287515151515153,100.0,20.0,0.9456338901286665,6.777598275847936,-0.0,9.802343685610822,green,red
2026-08-21 13:38:00,420.79,421.09,420.7505,420.92,28141,0.7591571428571383,420.255,418.00789999999995,419.99887,419.48605,0.46001515151515476,0.10839393939393953,100.0,10.0,0.9487390512273793,4.786084649879285,-0.0,10.119737113513224,lime,red
2026-08-21 13:39:00,420.9159,421.008,420.53,420.775,24843,0.7847285714285712,420.255,418.00789999999995,420.56967,420.03005,0.363121212121215,0.10272727272727628,90.0,0.0,0.9569376607151058,1.1968807018939742,-0.0,10.27007916149887,lime,red
2026-08-21 13:40:00,420.74,421.0,420.68,420.96,25262,0.7847285714285712,420.255,418.00789999999995,420.60967,420.09804999999994,0.2625454545454571,0.09189393939394486,80.0,50.0,0.9592082841079544,0.7404174298085309,-0.0,10.380117058455312,lime,red
2026-08-21 13:41:00,420.97,421.06,420.8,420.89,14221,0.7897285714285707,420.255,418.00789999999995,420.64466999999996,420.15704999999997,0.19628787878788093,0.08236363636364173,70.0,40.0,0.9592362012668747,0.0,1.456417526161431,10.294475526113729,lime,red
2026-08-21 13:42:00,420.946,421.0,420.691,420.86,20203,0.8025142857142872,420.255,418.00789999999995,420.68666999999994,420.20014999999995,0.15439393939394108,0.06796969696969872,60.0,30.0,0.9610768392542068,0.0,2.873807676539286,10.102879904153497,green,red
2026-08-21 13:43:00,420.85,420.86,420.69,420.73,13502,0.7996571428571428,420.255,418.04499999999996,420.72267,420.29715,0.12343939393939518,0.061666666666665704,50.0,20.0,0.9577560708616651,0.0,4.66949730802753,9.807219963392981,green,red
2026-08-21 13:44:00,420.795,420.85,420.49,420.85,30626,0.4439428571428558,420.485,418.09,420.8268,420.40015000000005,0.10463636363636493,0.05340909090908883,40.0,10.0,0.9614985101530491,0.0,4.228291209524855,9.382383068386616,green,orange
2026-08-21 13:45:00,420.78,420.87,420.47,420.725,18022,0.4367999999999971,420.58,418.09,420.89979999999997,420.50514999999996,0.08163636363636484,0.05763636363636152,30.0,0.0,0.9666835250515177,0.0,5.593405619987948,8.79150403274275,green,red
2026-08-21 13:46:00,420.752,420.9799,420.72,420.93,16510,0.4325071428571375,420.78,418.09,420.95579,420.58914999999996,0.07854545454545407,0.056439393939391874,20.0,0.0,0.966632989801001,0.0,4.2299664188414,7.944093072004648,green,orange
2026-08-21 13:47:00,420.96,421.05,420.91,421.01,22082,0.3867928571428528,420.765,418.09,420.97679,420.67314999999996,0.07599999999999701,0.05151515151514945,10.0,0.0,0.9621466599029903,0.0,4.010975974426287,6.786321846946976,green,orange
2026-08-21 13:48:00,421.03,421.24,420.85,420.925,39952,0.38974285714285123,420.855,418.16499999999996,420.99179000000004,420.6831,0.07028787878787462,0.05015151515151123,100.0,70.0,0.9669551933039597,0.0,4.978308521121448,5.050866627028313,green,red
2026-08-21 13:49:00,420.88,421.025,420.81,420.96,25166,0.353671428571423,420.855,418.16499999999996,420.99349,420.7111000000001,0.06272727272726562,0.04543939393938896,90.0,60.0,0.9652406413709194,0.0,4.817918823832201,1.7130247178669151,green,orange
2026-08-21 13:50:00,420.96,421.09,420.93,421.0099,18499,0.32652857142856206,420.855,418.16499999999996,421.00249,420.73609999999996,0.05794545454544959,0.038954545454540516,80.0,50.0,0.9615082349572089,0.0,4.530377963303636,1.7174252722335268,green,orange
2026-08-21 13:51:00,421.0039,421.0039,420.51,420.55,35205,0.307235714285708,420.855,418.16499999999996,420.70709999999997,420.99688,0.05200090909090601,0.07232424242423886,70.0,40.0,0.9703894526076378,0.0,7.913570987523144,1.693291384574536,green,red
2026-08-21 13:52:00,420.6,420.62,420.19,420.31,58243,0.31369999999999515,420.71500000000003,418.16499999999996,420.657,420.95887999999997,0.044196363636362174,0.11047060606060456,60.0,100.0,0.9765955580815617,0.0,8.895268416893032,1.7157859783786762,green,red
2026-08-21 13:53:00,420.31,420.41,420.05,420.05,33593,0.3052714285714241,420.645,418.16499999999996,420.593,420.91387999999995,0.03528909090908986,0.14677212121212016,50.0,100.0,0.9801496025007468,0.0,9.706623742847569,1.6107401657299079,green,red
2026-08-21 13:54:00,420.0,420.1599,419.75,420.1599,35058,0.31169285714285266,420.495,418.16499999999996,420.51900000000006,420.84487,0.03637272727272499,0.150349696969696,40.0,100.0,0.9855144064757391,0.0,7.575991890042246,1.2867985301023737,green,orange
2026-08-21 13:55:00,420.155,420.51,420.155,420.39,11606,0.3184785714285689,420.495,420.33000000000004,420.4875,420.80887,0.05513606060605721,0.1373515151515142,30.0,90.0,0.9887942624109823,0.0,4.957382980975353,1.2060349363097203,green,orange
2026-08-21 13:56:00,420.41,420.58,420.3701,420.39,40287,0.31139999999999596,420.495,420.33000000000004,420.45250999999996,420.76887999999997,0.06156575757575403,0.11721696969696903,20.0,80.0,0.9866726197868728,0.0,4.501271921387797,1.1816183256870545,green,orange
2026-08-21 13:57:00,420.395,420.5173,420.18,420.18,27881,0.32334999999999275,420.41999999999996,420.33000000000004,420.3795099999999,420.71561,0.058192121212118246,0.11693090909090682,10.0,70.0,0.9892859935890028,0.0,5.600315713201098,1.269224800386496,green,red
2026-08-21 13:58:00,420.22,420.38,420.06,420.25,7133,0.3204928571428484,420.41999999999996,420.33000000000004,420.30051000000003,420.62960999999996,0.05548181818181516,0.10875090909090607,0.0,60.0,0.9912331336531126,0.0,4.387312237125798,1.3029998966841276,green,orange
2026-08-21 13:59:00,420.225,420.33,420.125,420.125,7218,0.30656428571427746,420.37694999999997,420.33000000000004,420.23201,420.56011,0.05111999999999705,0.10507090909090587,10.0,50.0,0.9889058023165809,0.0,4.786955528094268,1.3761379575203136,green,red
2026-08-21 14:00:00,420.125,420.33,420.02,420.0701,25034,0.310142857142852,420.185,420.33000000000004,420.14101,420.48411,0.044773333333330355,0.09497272727272214,0.0,40.0,0.9904867442934153,0.0,4.5422321175595926,1.4166253240945252,green,orange
2026-08-21 14:01:00,420.2,420.365,420.06,420.23,17412,0.32192857142856773,420.16499999999996,420.495,420.09601000000004,420.42022,0.05129545454545129,0.07842393939393326,0.0,30.0,0.9918668768504814,0.0,2.7565800766342363,1.4133829009352894,green,orange
2026-08-21 14:02:00,420.19,420.64,420.12,420.64,27452,0.3312142857142817,420.195,420.495,420.42222000000004,420.08901,0.08919969696969095,0.05989303030302412,100.0,20.0,1.0011882080819758,0.4694388167024499,-0.0,1.3842113100868119,green,orange
2026-08-21 14:03:00,420.66,420.875,420.5,420.53,21686,0.3426428571428549,420.4475,420.495,420.46872,420.13401000000005,0.10528909090908373,0.054501212121208065,100.0,10.0,1.005051326001156,0.0,0.7417365667618014,1.3706691809492213,lime,red
2026-08-21 14:04:00,420.55,420.855,420.55,420.855,24981,0.3544285714285747,420.4475,420.495,420.53822999999994,420.21401000000003,0.13068484848484566,0.049987878787876326,90.0,0.0,1.0070258127411462,1.440866612189211,-0.0,1.3717074812548162,green,orange
2026-08-21 14:05:00,420.8725,421.08,420.8725,421.0175,26283,0.33479285714285617,420.54999999999995,420.495,420.59523,420.28576000000004,0.1453827272727248,0.04377757575757434,100.0,50.0,1.0052805546137333,1.9677965488369864,-0.0,1.4330833278830823,green,red
2026-08-21 14:06:00,421.02,421.02,420.79,420.88,34814,0.32050714285713866,420.54999999999995,420.495,420.63923000000005,420.32775000000004,0.14461878787878527,0.04718848484848298,90.0,40.0,1.0037377490675945,0.20436220803674132,-0.0,1.421959742350964,lime,red
2026-08-21 14:07:00,420.875,420.88,420.37,420.4,31139,0.3312214285714227,420.54999999999995,420.495,420.6755,420.34675,0.12883999999999693,0.0888190909090907,80.0,30.0,1.0125703715769183,0.0,3.6385491667431324,1.3502000449930165,lime,red
2026-08-21 14:08:00,420.41,420.725,420.39,420.7,34501,0.3258714285714258,420.54999999999995,420.495,420.71000000000004,420.37974999999994,0.13561454545454402,0.1084496969696979,70.0,20.0,1.0148396678611504,0.0,1.0079122191609713,1.3042305065175697,green,orange
2026-08-21 14:09:00,420.6899,420.84,420.675,420.78,23459,0.31229999999999336,420.57,420.495,420.76099999999997,420.43475,0.13847999999999824,0.10731515151515321,60.0,10.0,1.0107962711825378,0.0,0.5148728759667165,1.2581326653437372,green,orange
2026-08-21 14:10:00,420.75,420.82,420.57,420.68,27548,0.31516428571427874,420.6,420.495,420.81000000000006,420.48975,0.12770909090908902,0.10104424242424109,50.0,0.0,1.0099383084707123,0.0,1.4150286854163596,1.1718560922180359,green,red
2026-08-21 14:11:00,420.68,420.84,420.68,420.84,24799,0.30249999999999283,420.725,420.495,420.85749999999996,420.55174999999997,0.11878666666666193,0.09209060606060282,40.0,0.0,1.005758925386004,0.0,0.23748661378817815,1.2185195356508984,green,orange
2026-08-21 14:12:00,420.84,421.0,420.81,420.91,45483,0.2932142857142789,420.725,420.495,420.89349999999996,420.62075000000004,0.10871181818181687,0.08021212121211717,30.0,0.0,1.0027313361321437,0.041641637369025375,-0.0,1.267749919645894,green,orange
2026-08-21 14:13:00,420.89,420.98,420.85,420.97,29274,0.28785714285713687,420.725,420.495,420.904,420.65575,0.1002121212121224,0.06516666666666286,20.0,40.0,0.9975140227708221,0.18806244226027502,-0.0,1.2573951210100631,green,red
2026-08-21 14:14:00,420.95,421.02,420.89,420.99,26230,0.2749999999999935,420.695,420.41999999999996,420.9205,420.68975,0.08625757575757671,0.05112121212120869,10.0,30.0,0.9923488825431138,0.013456948170187388,-0.0,1.2597958637568354,lime,red
2026-08-21 14:15:00,421.0,421.06,420.689228,420.91,43510,0.2796979999999922,420.71500000000003,420.41999999999996,420.91850000000005,420.67142279999996,0.0711969696969697,0.045015151515147095,0.0,20.0,0.996143957717682,0.0,0.8414443015868756,1.2755544418517957,lime,red
2026-08-21 14:16:00,420.91,420.94,420.775,420.91,28053,0.2543408571428521,420.725,420.41499999999996,420.91049999999996,420.66992280000005,0.05685606060606022,0.036090909090904344,90.0,10.0,0.992287518140506,0.0,0.9272906448279628,1.282272250187475,green,red
2026-08-21 14:17:00,420.9,421.11,420.81,421.09,47332,0.24898371428571003,420.84000000000003,420.43,420.9335,420.7139228,0.060181818181813396,0.025507575757571163,100.0,0.0,0.9934646429591013,0.3083259312069231,-0.0,1.2635312827733287,green,orange
2026-08-21 14:18:00,421.09,421.11,420.96,421.025,56387,0.23648371428570922,420.84000000000003,420.43,420.97200000000004,420.7709228,0.05690909090908359,0.02336363636363234,90.0,0.0,0.9890799965295115,0.0,0.4860864486141736,1.2264409516193382,lime,red
2026-08-21 14:19:00,421.02,421.12,420.95,421.045,50973,0.23255514285714135,420.9,420.435,421.0,420.7984227999999,0.05163636363635921,0.021984848484845197,100.0,10.0,0.985479196564217,0.0,0.49269345332902503,1.1169234895426143,green,red
2026-08-21 14:20:00,421.0495,421.26,420.99,421.22,44257,0.23541228571428569,420.974614,420.64,421.04400000000004,420.84042280000006,0.05803030303030262,0.019696969696967284,100.0,0.0,0.9856144045985742,0.6205653715107928,-0.0,0.9709923029756737,green,orange
2026-08-21 14:21:00,421.24,421.69,421.19,421.67,82911,0.2346980000000006,421.189614,420.855,421.129,420.8914228,0.09910606060606124,0.01615151515151338,100.0,0.0,0.9942582605525886,3.460063705815628,-0.0,1.0694950849101588,green,red
2026-08-21 14:22:00,421.65,421.75,421.56,421.58,73543,0.22434085714285498,421.219614,420.885,421.204,420.9664228,0.11712121212121222,0.02139393939394095,100.0,30.0,0.9913456779470624,1.7683878856257707,-0.0,1.1975522183157636,lime,red
2026-08-21 14:23:00,421.57,421.73,421.56,421.66,44957,0.2246980000000016,421.219614,420.885,421.279,421.03742279999994,0.12181818181818539,0.02339393939394292,90.0,20.0,0.9877222211675922,1.6433610990213765,-0.0,1.2868904790483384,lime,red
2026-08-21 14:24:00,421.68,421.7899,421.64,421.7,49602,0.21754800000000177,421.28245,420.90495,421.35599,421.1124228,0.11345454545454821,0.022121212121216465,100.0,10.0,0.9833912989559165,1.2394983904465562,-0.0,1.4182809274874444,lime,red
2026-08-21 14:25:00,421.74,421.98,421.72,421.93,48429,0.22611942857143472,421.395,421.0,421.44799,421.21549999999996,0.1222727272727308,0.017848484848488944,100.0,0.0,0.9839173859663585,2.2730589647477473,-0.0,1.6215509144707312,green,red
2026-08-21 14:26:00,421.91,422.0,421.8,421.86,54401,0.22683371428571977,421.475,421.03,421.55399,421.31800000000004,0.11821212121212461,0.020666666666669747,100.0,0.0,0.9814782121066945,0.9030786857624662,-0.0,1.7446230175837627,lime,red
2026-08-21 14:27:00,421.85,422.2,421.82,422.13,45191,0.24469085714286262,421.575,421.15999999999997,421.66299,421.419,0.12906060606060824,0.021212121212123448,100.0,0.0,0.9857234299856273,2.260466459359236,-0.0,1.808785576831724,green,red
2026-08-21 14:28:00,422.12,422.2,422.07,422.18,36332,0.24469085714286262,421.595,421.28499999999997,421.77199,421.53000000000003,0.12778787878788037,0.019454545454547053,90.0,10.0,0.9806761956857709,1.7186994277437861,-0.0,1.924300009382705,lime,red
2026-08-21 14:29:00,422.19,422.2399,422.09,422.2399,40842,0.22891428571429223,421.71495,421.30494999999996,421.88397999999995,421.64399999999995,0.12126363636363462,0.01595454545454662,100.0,0.0,0.9764157337289132,1.34572868299756,-0.0,2.029674054050929,lime,red
2026-08-21 14:30:00,422.215,422.27,421.9,421.95,35360,0.24355714285714822,421.91499999999996,421.32,421.98498,421.735,0.10228878787878436,0.03920303030303,100.0,0.0,0.9803415763916242,0.0,1.4732054182388765,1.9796618763397191,lime,red
2026-08-21 14:31:00,421.98,422.07,421.85,421.99,20194,0.2378428571428596,421.91499999999996,421.32,422.02298,421.80100000000004,0.08481757575757336,0.05122818181818047,90.0,0.0,0.978678160627707,0.0,1.296470535530716,1.9529457608011853,green,orange
2026-08-21 14:32:00,421.99,422.0032,421.52,421.6,31267,0.2616428571428579,421.895,421.32,421.797,422.04830000000004,0.06898606060605957,0.0881660606060574,80.0,100.0,0.9867697790214303,0.0,4.230407929017019,1.8739170366961844,green,red
2026-08-21 14:33:00,421.54,421.6,421.25,421.31,17613,0.27450000000000124,421.76,421.33,421.76599999999996,422.0353,0.05495757575757532,0.12725878787878586,70.0,100.0,0.9898520812312167,0.0,5.762918332125082,1.8116132756247225,green,red
2026-08-21 14:34:00,421.2842,421.31,420.98,421.03,27163,0.2787857142857157,421.625,421.41999999999996,421.7,421.98731,0.041686666666666476,0.1667454545454563,60.0,100.0,0.9921635604189041,0.0,6.826133966115435,1.8015355577070977,green,red
2026-08-21 14:35:00,421.0,421.28,420.87,421.135,39331,0.272357142857142,421.57,421.41999999999996,421.61499999999995,421.91731,0.0388096969696986,0.17192909090909506,50.0,100.0,0.9974119248147137,0.0,4.817244403379277,1.744401766674514,green,orange
2026-08-21 14:36:00,421.16,421.199,420.85,420.881,40250,0.2837142857142843,421.56,421.475,421.52,421.83720999999997,0.034372121212124004,0.18035515151515805,40.0,100.0,1.0003508055665662,0.0,5.765866604612029,1.7537080040808632,green,red
2026-08-21 14:37:00,420.88,420.97,420.57,420.615,54252,0.300142857142857,421.41999999999996,421.41999999999996,421.395,421.71421,0.02763151515151845,0.19426000000000376,30.0,100.0,1.0051472975109017,0.0,6.529535091569301,1.9060503045769792,green,red
2026-08-21 14:38:00,420.56,420.63,420.2,420.34,46500,0.3201500000000002,421.235,421.235,421.20799999999997,421.55721000000005,0.020542424242427332,0.21387393939394417,20.0,100.0,1.0110058245357931,0.0,7.11805558600247,2.144696444083138,green,red
2026-08-21 14:39:00,420.36,420.5,420.27,420.295,31711,0.3165785714285708,421.135,421.235,421.026,421.38322,0.015544242424245298,0.20881818181818326,10.0,90.0,1.0094057662904357,0.0,5.846747647618145,2.372471661502459,green,orange
2026-08-21 14:40:00,420.305,420.66,420.18,420.63,22875,0.3365785714285729,421.09159999999997,421.225,420.854,421.22222,0.042666363636364175,0.18312303030303004,0.0,100.0,1.0170717086275323,0.0,2.0558739335263,2.48019039494136,green,orange
2026-08-21 14:41:00,420.655,420.78,420.4,420.75,21819,0.3365785714285729,420.89,421.225,420.709,421.09322000000003,0.0680151515151508,0.14926030303030127,0.0,90.0,1.0209609915412567,0.0,0.6059771611347742,2.542900833259523,green,orange
2026-08-21 14:42:00,420.73,420.765,420.17,420.51,24761,0.36979285714285687,420.74,421.22,420.57399999999996,420.96939999999995,0.0769999999999987,0.1374727272727262,0.0,100.0,1.032766381625843,0.0,2.047727813403526,2.653374505953934,green,red
2026-08-21 14:43:00,420.5,421.0,420.495,420.875,23517,0.39515714285714204,420.725,421.22,420.4985,420.9094,0.10387878787878746,0.1206545454545445,0.0,90.0,1.0411237178095845,1.1896211378234511,-0.0,2.665720397428913,green,orange
2026-08-21 14:44:00,420.87,420.99,420.15,420.345,45784,0.42872857142857257,420.67449999999997,421.21,420.41549999999995,420.8774,0.1125,0.1482909090909056,0.0,100.0,1.0617924806314898,0.0,2.713192317917219,2.767027387574217,lime,red
2026-08-21 14:45:00,420.42,420.556,420.1999,420.54,19172,0.43845000000000106,420.575,421.21,420.34849,420.805,0.12557575757575704,0.15253333333332839,0.0,90.0,1.0643502558251738,0.0,0.5349043722134184,2.750073418236866,green,orange
2026-08-21 14:46:00,420.54,420.8,420.46,420.515,33755,0.42822142857143114,420.575,421.21,420.30949,420.76509999999996,0.11975757575757484,0.1423515151515131,0.0,80.0,1.0662867532669231,0.0,0.40165992048400767,2.7249051080358413,green,orange
2026-08-21 14:47:00,420.58,420.71,420.45,420.71,25544,0.42179285714285747,420.575,421.21,420.29749000000004,420.73909999999995,0.12521212121211964,0.11667575757575822,60.0,70.0,1.0652438857342537,1.2867983812583361,-0.0,2.5609115760668146,green,orange
2026-08-21 14:48:00,420.695,420.975,420.695,420.88,19312,0.41822142857143213,420.575,421.21,420.7736,420.34699,0.13225757575757555,0.09404848484848675,50.0,60.0,1.0649514468769123,2.4155130235624256,-0.0,2.3183951562308494,green,red
2026-08-21 14:49:00,420.93,421.2,420.9,421.17,34682,0.4117928571428625,420.67499999999995,421.21,420.8436,420.40999,0.15187878787879047,0.07546969696969913,100.0,50.0,1.066141932408143,4.133844859862847,-0.0,1.99476344984987,green,red
2026-08-21 14:50:00,421.175,421.47,421.14,421.39,22082,0.4104357142857233,420.81,421.21,420.9246,420.50599,0.16739393939394098,0.0597727272727294,100.0,40.0,1.067690513084063,4.930442795888439,-0.0,1.8008313752014828,green,red
2026-08-21 14:51:00,421.4091,421.48,421.21,421.225,21997,0.40115000000000933,420.815,421.21,420.9946,420.58698999999996,0.16107575757575784,0.060181818181816844,100.0,30.0,1.0670036079532237,2.734268041529617,-0.0,1.5084073719674507,lime,red
2026-08-21 14:52:00,421.2328,421.2328,420.97,420.97,12428,0.3892071428571496,420.815,421.21,421.04138,420.66699,0.14021212121212048,0.07740909090908699,90.0,20.0,1.0660571718736902,0.3363047093006344,-0.0,1.3354953978584945,lime,red
2026-08-21 14:53:00,420.98,421.155,420.93,421.05,11526,0.38885000000000297,420.83995000000004,421.21,421.05688,420.71049000000005,0.12103030303030078,0.08077272727272236,80.0,10.0,1.0637216001549519,0.8588541816652651,-0.0,1.271550797800046,green,red
2026-08-21 14:54:00,421.05,421.09,420.89,420.95,13280,0.3688500000000009,420.96500000000003,421.21,421.06688,420.78449,0.10237878787878485,0.0799090909090885,70.0,0.0,1.060484384153402,0.0,0.03383616541896117,1.2609527558313403,lime,red
2026-08-21 14:55:00,420.982,420.982,420.47,420.65,17825,0.3782785714285727,420.96500000000003,421.21,420.81149999999997,421.10947999999996,0.08303030303029986,0.0994242424242426,60.0,0.0,1.068823540311868,0.0,2.1687492730757185,1.2228618546660073,green,red
2026-08-21 14:56:00,420.62,420.99,420.5701,420.98,19075,0.3657714285714308,420.975,421.11,420.82250999999997,421.12847999999997,0.09389393939394029,0.10669696969697103,50.0,10.0,1.073671604908749,0.7063900217633545,-0.0,1.2339564096272397,green,orange
2026-08-21 14:57:00,420.93,421.13,420.81,421.09,18370,0.3525571428571449,420.975,421.0766,420.85851,421.17047999999994,0.10293939393939333,0.10156060606060757,40.0,0.0,1.074774888859661,1.3714548251562064,-0.0,1.2568008676236104,green,red
2026-08-21 14:58:00,421.07,421.17,421.02,421.17,10217,0.3032714285714308,420.975,420.875,420.89101,421.18998,0.10528787878788053,0.08657575757575912,30.0,70.0,1.0695771399710658,1.6615032628629933,-0.0,1.2235491945094736,green,red
2026-08-21 14:59:00,421.25,421.25,421.07,421.18,14002,0.290692857142862,420.975,420.815,420.90801,421.19498000000004,0.09312121212121406,0.07166666666666832,20.0,60.0,1.0655413685713555,1.3672505771472743,-0.0,1.1485386595305727,lime,red
2026-08-21 15:00:00,421.16,421.17,420.78,420.89,17482,0.2949785714285765,420.86,420.815,420.87201000000005,421.16498,0.07824242424242699,0.08312121212121576,10.0,50.0,1.069685954885643,0.0,1.032716633330324,1.1243599347906184,lime,red
2026-08-21 15:01:00,420.88,421.13,420.76,420.88,13542,0.3028357142857203,420.86,420.815,420.82701,421.12998,0.064606060606063,0.08406060606061005,0.0,40.0,1.0726790953367868,0.0,0.8910075630933534,1.1165190265492129,green,orange
2026-08-21 15:02:00,420.88,421.22,420.88,421.144,11526,0.30712142857143476,420.86,420.815,421.12870000000004,420.8180100000001,0.076848484848488,0.07556060606060967,70.0,30.0,1.0745323043834198,1.1973514812621033,-0.0,1.073938231985153,green,orange
2026-08-21 15:03:00,421.12,421.33,421.08,421.315,10221,0.30212142857143526,420.9,420.815,421.14619999999996,420.83301,0.094903030303033,0.0603484848484875,100.0,20.0,1.0730369813395857,2.152192880891448,-0.0,1.1257518469253682,green,red
2026-08-21 15:04:00,421.33,421.42,421.24,421.3,20999,0.2914071428571471,420.99505,420.815,421.17920000000004,420.86800999999997,0.0973484848484869,0.048212121212121796,100.0,10.0,1.06896661152619,1.54037696457749,-0.0,1.0101009641105065,lime,red
2026-08-21 15:05:00,421.34,421.5,421.18,421.45,13883,0.2949785714285724,421.13,420.825,421.23100000000005,420.93900999999994,0.09889696969696891,0.03716666666666594,100.0,0.0,1.0701169454109278,2.228095241379151,-0.0,0.9888630152651103,green,red
2026-08-21 15:06:00,421.47,421.56,421.3,421.51,28485,0.2947785714285739,421.15999999999997,420.855,421.288,421.012,0.09453333333333098,0.02890909090908959,100.0,0.0,1.0690357759568183,2.0953606121827306,-0.0,0.9385880548154546,lime,red
2026-08-21 15:07:00,421.5,421.66,421.5,421.66,11117,0.290135714285721,421.21000000000004,420.905,421.341,421.08099999999996,0.09898787878787912,0.022272727272725962,100.0,40.0,1.064265418197251,2.6136413373279765,-0.0,0.9932912647562944,green,red
2026-08-21 15:08:00,421.64,421.76,421.55,421.56,26837,0.29085000000000605,421.26,420.955,421.4,421.134,0.09335151515151734,0.02563636363636444,100.0,30.0,1.0613927640152776,1.1950448531780467,-0.0,1.027466254950241,lime,red
2026-08-21 15:09:00,421.595,421.63,421.31,421.3681,31856,0.2771357142857198,421.26,420.955,421.438,421.158,0.08265454545454842,0.04250606060606039,90.0,20.0,1.0626188363751246,0.0,0.589804755240948,1.0415595954893888,lime,red
2026-08-21 15:10:00,421.39,421.6999,421.345,421.66,9456,0.2724928571428628,421.32,420.97995000000003,421.49098999999995,421.21450000000004,0.09440303030303278,0.04817969696969588,80.0,10.0,1.0651239480113728,1.4919661185780342,-0.0,1.1116013633293278,green,orange
2026-08-21 15:11:00,421.69,421.7,421.42,421.4999,15495,0.26963571428571853,421.41999999999996,421.105,421.54799,421.2805,0.09495545454545667,0.06073272727272561,70.0,0.0,1.064832708531258,0.0,0.13914748306547153,1.1435207570931425,lime,red
2026-08-21 15:12:00,421.5,421.591,421.44,421.44,8237,0.2697071428571454,421.47,421.105,421.5850899999999,421.3365,0.08492363636363816,0.06787606060606173,60.0,0.0,1.059771381445946,0.0,0.6961151483670847,1.1363684242297722,green,red
2026-08-21 15:13:00,421.44,421.56,421.4,421.525,12697,0.26827857142857525,421.47,421.115,421.60809,421.36850000000004,0.07528909090909068,0.06777727272727557,50.0,0.0,1.0550936676314875,0.0,0.08424519784114182,1.1497622343709963,green,orange
2026-08-21 15:14:00,421.5289,421.54,421.39,421.4401,9503,0.2504214285714324,421.53,421.115,421.62009,421.3835,0.06546060606060461,0.06791212121212517,40.0,10.0,1.0500927309551737,0.0,0.8236947215129931,1.1213027420703838,green,red
2026-08-21 15:15:00,421.445,421.71,421.445,421.65,9810,0.24327142857143258,421.53499999999997,421.115,421.64108999999996,421.41,0.0734593939393924,0.06284212121212507,30.0,0.0,1.0495781036456222,0.7228641385182755,-0.0,0.9933917695423133,green,orange
2026-08-21 15:16:00,421.7198,421.815,421.59,421.6136,7231,0.2350571428571462,421.5625,421.14250000000004,421.66659,421.439,0.07223787878787745,0.05808484848484816,100.0,0.0,1.047407322609167,0.15801009281290135,-0.0,0.9635946582861834,lime,red
2026-08-21 15:17:00,421.59,421.72,421.58,421.635,12308,0.22720000000000645,421.5625,421.14250000000004,421.67259,421.447,0.06678363636363233,0.04910909090908786,90.0,20.0,1.042113249383077,0.12863430095819695,-0.0,0.9547859568363037,lime,red
2026-08-21 15:18:00,421.62,421.8,421.59,421.67,14513,0.2293428571428657,421.58000000000004,421.14250000000004,421.67659000000003,421.4509999999999,0.05885333333333009,0.03880969696969274,80.0,10.0,1.0394621168892475,0.20179418709972197,-0.0,0.9604863966281982,green,red
2026-08-21 15:19:00,421.685,421.77,421.55,421.64,21176,0.22220000000000692,421.60249999999996,421.14250000000004,421.69059,421.475,0.04985696969696753,0.030933333333332213,70.0,0.0,1.0372074957203539,0.0,0.20985312930577038,0.9519650879278743,lime,red
2026-08-21 15:20:00,421.7,421.74,421.5001,421.64,12451,0.22076428571429574,421.60249999999996,421.14250000000004,421.6946,421.49051,0.03932909090908996,0.024225757575758317,60.0,0.0,1.0357117207631514,0.0,0.3145927290063355,0.811356013883028,green,red
2026-08-21 15:21:00,421.65,421.77,421.59,421.66,8962,0.22219285714286588,421.60249999999996,421.19255,421.7016,421.50751,0.03210636363636657,0.017893333333334784,50.0,30.0,1.03201460355552,0.0,0.24947882303365532,0.59729563534313,green,orange
2026-08-21 15:22:00,421.63,421.94,421.61,421.8,16907,0.23076428571429478,421.66499999999996,421.35,421.7365,421.52451,0.038592121212125255,0.012597878787879884,100.0,20.0,1.0339044575199643,0.6659178705189106,-0.0,0.5354217188830717,green,orange
2026-08-21 15:23:00,421.795,422.0,421.795,421.95,10566,0.2225500000000084,421.72249999999997,421.38,421.7805,421.56400999999994,0.053356363636365846,0.00881727272727372,100.0,10.0,1.0311504129447642,1.4473150763416243,-0.0,0.5966302180169123,green,red
2026-08-21 15:24:00,421.94,422.15,421.94,422.12,26917,0.2122000000000079,421.82505,421.455,421.8415,421.61901,0.07268121212121387,0.0058848484848495405,100.0,0.0,1.0286089088153156,2.186616988871606,-0.0,0.7086902049016999,green,red
2026-08-21 15:25:00,422.13,422.62,421.97,422.0599,53940,0.23862857142857966,422.06005,421.69,421.9325,421.67151,0.0757030303030321,0.009369393939393107,100.0,0.0,1.0423728197271616,1.0889234218836918,-0.0,0.7877121952354855,lime,red
2026-08-21 15:26:00,422.055,422.18,421.93,421.96,20534,0.2457000000000075,422.06005,421.69,421.96899999999994,421.70550999999995,0.06970878787878991,0.02008272727272983,90.0,40.0,1.04119909152989,0.0,0.06924587899050039,0.820082394702581,lime,red
2026-08-21 15:27:00,421.9877,422.16,421.94,422.1,34397,0.24998571428572194,422.06005,421.75,422.01300000000003,421.74151,0.0720472727272784,0.025263333333337856,80.0,30.0,1.0389271006145921,0.7465046217890858,-0.0,0.902434168700097,green,orange
2026-08-21 15:28:00,422.12,422.49,422.11,422.43,22222,0.26712857142857566,422.06005,421.85,422.082,421.79350999999997,0.09970121212121803,0.0250284848484901,70.0,20.0,1.0429678296084455,2.7412207734442973,-0.0,1.102445462259766,green,red
2026-08-21 15:29:00,422.39,422.41,422.18,422.25,18115,0.2657071428571466,422.105,421.9,422.146,421.85650999999996,0.10971212121212649,0.03793757575758064,60.0,10.0,1.041788151312361,0.6112551284485335,-0.0,1.1316467283022575,lime,red
2026-08-21 15:30:00,422.245,422.28,421.89,422.025,35202,0.27749285714285826,422.115,421.9,422.2,421.89549999999997,0.1033333333333372,0.06448303030303688,50.0,0.0,1.045800269799237,0.0,1.387564167521873,1.1441263740434806,lime,red
2026-08-21 15:31:00,422.01,422.1,421.9,421.94,20324,0.2817785714285727,422.2075,421.96000000000004,422.233,421.9264999999999,0.0860606060606091,0.08352848484849029,40.0,0.0,1.042742267101246,0.0,1.9326497792667396,1.1124360681297958,green,red
2026-08-21 15:32:00,422.0,422.11,421.97,422.05,8640,0.27892142857142843,422.255,421.96500000000003,422.25,421.9625,0.07896969696970076,0.08513454545454961,30.0,0.0,1.0386048444302343,0.0,0.9376866570761422,1.0663773526790692,green,orange
2026-08-21 15:33:00,422.12,422.45,422.065,422.375,13547,0.2917785714285718,422.255,421.96500000000003,422.2950000000001,421.9895,0.09848484848485158,0.07614969696969982,20.0,0.0,1.0430187959859312,1.3961184860272624,-0.0,1.1128994021735252,green,orange
2026-08-21 15:34:00,422.38,422.49,422.365,422.4587,24303,0.2835714285714265,422.19,421.96500000000003,422.329,422.032,0.11107878787879204,0.06433151515151737,10.0,60.0,1.0372136080260717,1.4762778604102778,-0.0,1.1308708028907404,green,red
2026-08-21 15:35:00,422.49,422.64,422.46,422.61,20720,0.2836642857142806,422.265,421.9925,422.331,422.08099999999996,0.12152393939394295,0.052513333333334945,100.0,50.0,1.0335495719458094,2.007590443081426,-0.0,1.2364858414018727,green,red
2026-08-21 15:36:00,422.6,422.67,422.52,422.52,22512,0.2708071428571413,422.28,422.03,422.38,422.14,0.11361666666666954,0.04942333333333701,100.0,40.0,1.0287640762263526,0.6685722050758613,-0.0,1.2638263210903915,lime,red
2026-08-21 15:37:00,422.52,422.67,422.44,422.47,18484,0.272592857142858,422.28,422.03,422.43100000000004,422.18999999999994,0.0979327272727291,0.048605757575758225,90.0,30.0,1.0269864354640899,0.0,0.10095572732097935,1.2565418883779103,lime,red
2026-08-21 15:38:00,422.46,422.57,422.3662,422.55,11435,0.27215000000000245,422.28,422.03,422.439,422.21561999999994,0.08575090909090909,0.043333333333331815,80.0,20.0,1.0242571711094488,0.23062159888411315,-0.0,1.257467463797866,green,orange
2026-08-21 15:39:00,422.53,422.63,422.5,422.535,8307,0.23500714285714658,422.28499999999997,422.03,422.46099999999996,422.24762,0.07426606060605949,0.03490909090908672,70.0,10.0,1.0188245993983542,0.0,0.19427504410316487,1.2176968948684816,lime,red
2026-08-21 15:40:00,422.5535,422.59,422.44,422.59,9640,0.22786428571428782,422.32000000000005,422.0575,422.492,422.30262000000005,0.0672963636363575,0.02586363636363162,60.0,0.0,1.0141863534043698,0.0,0.022393211181679362,1.1612483488777343,green,orange
2026-08-21 15:41:00,422.6068,422.71,422.52,422.675,15948,0.22572142857142857,422.3875,422.10505,422.553,422.36462,0.06422060606060065,0.019409090909086348,100.0,0.0,1.011074489870326,0.32791185121084254,-0.0,1.1003595208561592,green,orange
2026-08-21 15:42:00,422.68,422.87,422.67,422.82,31560,0.21215000000000014,422.6175,422.18505,422.629,422.43462,0.06897818181817587,0.015136363636359687,100.0,0.0,1.0083637449716223,1.0293997279956102,-0.0,1.1089671635691047,green,red
2026-08-21 15:43:00,422.81,422.87,422.65,422.85,23869,0.21000714285714497,422.6181,422.18505,422.671,422.49312,0.06682666666666406,0.01206060606060267,90.0,0.0,1.0064201075219068,0.7416264151862606,-0.0,1.1446620100457494,lime,red
2026-08-21 15:44:00,422.852914,422.9,422.74,422.82,14497,0.19357857142857224,422.6331,422.20005,422.712,422.53062,0.05900848484848384,0.011969696969696762,100.0,0.0,1.0022759064466866,0.07694217961898175,-0.0,1.1866702470088057,lime,red
2026-08-21 15:45:00,422.815,422.96,422.79,422.87,19840,0.1914357142857089,422.6631,422.23005,422.74399999999997,422.56362,0.05287545454545586,0.010696969696971509,100.0,30.0,0.9985431473822182,0.12966031780024423,-0.0,1.209597620863292,green,red
2026-08-21 15:46:00,422.87,422.92,422.83,422.85,15492,0.18572142857142435,422.6631,422.275,422.76899999999995,422.59462,0.04664030303030527,0.010151515151516254,90.0,20.0,0.9918877159083973,0.0,0.33307801060232123,1.1704334078843885,lime,red
2026-08-21 15:47:00,422.82,422.89,422.74,422.79,22381,0.1678642857142815,422.7,422.28499999999997,422.791,422.62461999999994,0.039757575757578524,0.01409090909090971,80.0,10.0,0.9875188387493126,0.0,0.9790060113783738,1.1393989201036447,green,red
2026-08-21 15:48:00,422.785,422.83,422.67,422.68,35529,0.17036428571427922,422.7,422.3775,422.817,422.65500000000003,0.03166666666666956,0.025939393939395667,70.0,0.0,0.9835636503618183,0.0,1.832892553165948,1.1439747900132033,green,red
2026-08-21 15:49:00,422.69,422.7,422.57,422.64,13606,0.16669999999999568,422.74,422.42499999999995,422.662,422.82399999999996,0.024303030303033175,0.03481818181818632,60.0,10.0,0.9785380138581999,0.0,1.9784402134951051,1.1145473304279676,green,red
2026-08-21 15:50:00,422.68,422.8,422.615,422.66,17328,0.1691999999999934,422.765,422.42499999999995,422.6795,422.84499999999997,0.019242424242430514,0.03640909090909655,50.0,0.0,0.975597633719618,0.0,1.6391577227170728,0.9984862248610398,green,orange
2026-08-21 15:51:00,422.66,422.99,422.62,422.875,59170,0.17919999999999245,422.78,422.44,422.87300000000005,422.68949999999995,0.03368181818182355,0.032969696969702464,100.0,0.0,0.979531657382422,0.04534175264495843,-0.0,0.8224483629123824,green,orange
2026-08-21 15:52:00,422.875,423.08,422.86,423.05,56408,0.1803571428571331,422.825,422.485,422.89399999999995,422.7085,0.05593939393939904,0.02824242424242887,100.0,70.0,0.9778763408085968,1.0774100965659272,-0.0,0.701505331917474,green,red
2026-08-21 15:53:00,423.08,423.2728,423.06,423.21,24204,0.18698571428570535,422.9214,422.58140000000003,422.93428000000006,422.7495,0.0793636363636374,0.023515151515155278,100.0,60.0,0.976341177400511,1.7660401654762836,-0.0,0.784044899474452,green,red
2026-08-21 15:54:00,423.22,423.31,423.14,423.2,29513,0.1884142857142795,422.94,422.6,422.97528,422.7895,0.08436363636363525,0.019696969696971763,100.0,50.0,0.9728677656265063,1.0649265138965802,-0.0,0.8487582259249393,lime,red
2026-08-21 15:55:00,423.21,423.286,423.12,423.286,26251,0.18669999999999373,422.94,422.6,423.00787999999994,422.82250000000005,0.08615151515151398,0.015757575757576758,90.0,40.0,0.9692810879702413,1.1927158009450523,-0.0,0.9547209897031053,green,red
2026-08-21 15:56:00,423.2999,423.31,423.07,423.31,33873,0.18955714285713807,422.94,422.605,423.04688000000004,422.8465,0.08194545454545411,0.011636363636364078,80.0,30.0,0.9684682770905392,0.8341152047540845,-0.0,1.0208574104100308,lime,red
2026-08-21 15:57:00,423.3,423.36,423.06,423.1,34005,0.19527142857142263,422.96500000000003,422.665,423.09388,422.8785,0.07396969696969687,0.0265454545454528,100.0,20.0,0.9698835943196341,0.0,1.136345264674219,0.9852618993359101,lime,red
2026-08-21 15:58:00,423.11,423.12,422.94,423.12,21527,0.19669999999999682,422.9875,422.7125,423.12288,422.9055,0.06422424242424059,0.03384848484848162,90.0,10.0,0.9668447583764381,0.0,1.0159214699160657,0.9619423113068706,green,orange
2026-08-21 15:59:00,423.12,423.29,423.09,423.28,18101,0.19884285714286015,422.99,422.8625,423.18188,422.9575,0.06743636363635784,0.03493939393939006,80.0,0.0,0.9645763107926754,0.09513331482196463,-0.0,0.9569236672892885,green,orange
2026-08-21 16:00:00,423.29,423.39,423.15,423.15,23802,0.20955714285714425,423.125,422.8781,423.24088,423.0110000000001,0.06361818181817398,0.04206060606060208,100.0,0.0,0.9638105476847488,0.0,1.1175175896187284,0.9177827743028502,lime,red
2026-08-21 16:01:00,423.155,423.43,423.15,423.22,18414,0.21884285714286225,423.185,422.8981,423.28488,423.06399999999996,0.059860606060602846,0.0446363636363599,100.0,0.0,0.9645324422079025,0.0,0.6189675279739504,0.9037106894799081,green,orange
2026-08-21 16:02:00,423.23,423.39,423.2,423.33,14099,0.2209857142857215,423.185,422.8981,423.31588,423.09800000000007,0.060087878787875366,0.04260606060605734,90.0,0.0,0.9619171177858232,0.06586762036533855,-0.0,0.9378528443460254,green,orange
2026-08-21 16:03:00,423.325,423.57,423.32,423.525,39453,0.2295571428571504,423.255,422.9681,423.3456,423.12399999999997,0.07411818181817753,0.0362424242424216,100.0,50.0,0.961547946607965,1.2119251568583422,-0.0,1.0281053395572144,green,red
2026-08-21 16:04:00,423.5,423.54,423.445,423.5,19269,0.22312857142858075,423.255,423.005,423.36859999999996,423.1545,0.0772999999999947,0.03215151515151106,90.0,40.0,0.9554474671418866,0.5165351907862714,-0.0,1.0795633424111202,lime,red
2026-08-21 16:05:00,423.5,423.52,423.34,423.35,12608,0.20955714285715235,423.255,423.005,423.392,423.17650000000003,0.07122424242423765,0.040803030303023506,80.0,30.0,0.952552992470468,0.0,0.9316083460555546,1.0854258246438349,lime,red
2026-08-21 16:06:00,423.36,423.38,423.18,423.24,24369,0.20812857142858224,423.255,423.04499999999996,423.399,423.1875,0.05991515151514753,0.05269696969696311,70.0,20.0,0.950427462545763,0.0,1.768397631665266,1.0637107638941643,green,red
2026-08-21 16:07:00,423.27,423.5,423.17,423.32,22130,0.2157857142857235,423.33,423.07,423.413,423.19849999999997,0.056618181818177245,0.053999999999994636,60.0,10.0,0.9531331879203049,0.0,1.039746529145873,1.0278399218813092,green,orange
2026-08-21 16:08:00,423.31,423.4,422.85,422.86,27985,0.24292857142857624,423.21000000000004,423.07,423.18949999999995,423.441,0.05057575757575309,0.09003030303029712,50.0,100.0,0.9639518560411002,0.0,4.333940149346063,0.9691199261848169,green,red
2026-08-21 16:09:00,422.85,422.93,422.7669,422.8201,60456,0.24272142857143258,423.16845,423.07,423.15719,423.40500000000003,0.0418787878787839,0.10917272727271998,40.0,100.0,0.9603470374806887,0.0,3.849368881411692,0.8983419342918069,green,orange
2026-08-21 16:10:00,422.88,423.225,422.88,423.1801,12557,0.2545000000000032,423.16845,423.07,423.13019,423.3885,0.06481818181817454,0.11065242424241672,30.0,90.0,0.9657248671058818,0.0,0.5547746529174447,0.7592204853880276,green,orange
2026-08-21 16:11:00,423.17,423.17,423.038,423.06,5959,0.2432214285714289,423.16845,423.07,423.11899000000005,423.3625,0.07460606060605149,0.10744787878787025,20.0,80.0,0.9613253184348219,0.0,1.4140894351055522,0.7097057938707394,green,red
2026-08-21 16:12:00,423.07,423.28,422.97,423.28,8081,0.25250714285713877,423.15345,423.07,423.09599,423.35150000000004,0.09242424242423071,0.09896999999999156,10.0,70.0,0.9631820652504716,0.370516811727839,-0.0,0.696952855130462,green,orange
2026-08-21 16:13:00,423.19,423.38,423.17,423.3595,9188,0.25322142857141977,423.14345000000003,423.07,423.3325,423.08099000000004,0.09822727272726572,0.08651878787878027,0.0,60.0,0.961320244597966,0.7557722266255951,-0.0,0.7084107908481201,green,red
2026-08-21 16:14:00,423.32,423.38,423.24,423.2799,11745,0.24607857142856102,423.13345000000004,423.07,423.3165,423.06049,0.09554999999999653,0.0773006060606025,0.0,50.0,0.9568870421519856,0.0,0.09325868450218877,0.7096840285503276,lime,red
2026-08-21 16:15:00,423.25,423.3195,423.21,423.3,4048,0.2338999999999893,423.13345000000004,423.0925,423.29645,423.04749000000004,0.08599090909090928,0.06517393939393859,0.0,40.0,0.9513696717304666,0.0,0.04159619397853476,0.7107484101176169,green,orange
2026-08-21 16:16:00,423.3,423.4,423.3,423.385,6444,0.2274714285714156,423.08344999999997,423.095,423.29844999999995,423.05949,0.08130818181818152,0.05166787878787937,10.0,30.0,0.9455559750131608,0.4653028649255475,-0.0,0.7210172181025882,green,orange
2026-08-21 16:17:00,423.3999,423.41,423.28,423.4,22964,0.21889999999999077,423.08845,423.16845,423.28944999999993,423.07049000000006,0.07390969696969522,0.037493333333334315,0.0,20.0,0.9409104152630312,0.35457930292011497,-0.0,0.72434517604745,lime,red
2026-08-21 16:18:00,423.38,423.39,423.26,423.265,9766,0.22211428571427355,423.145,423.16845,423.28845,423.11148999999995,0.06288666666666416,0.036712727272727834,90.0,10.0,0.9366813111104003,0.0,0.8131337932735505,0.7143121662866179,lime,red
2026-08-21 16:19:00,423.28,423.34,423.22,423.22,7702,0.21782857142855505,423.19000000000005,423.16845,423.32945,423.15680000000003,0.048969696969694804,0.03921999999999664,80.0,0.0,0.9317544979992943,0.0,1.0725883980592243,0.7145759562292824,green,red
2026-08-21 16:20:00,423.23,423.23,422.97,422.9975,29350,0.2221142857142695,423.19000000000005,423.16845,423.16580000000005,423.32995,0.034795151515150086,0.058423333333330024,70.0,0.0,0.9320569530193011,0.0,2.538000542569989,0.745305820212252,green,red
2026-08-21 16:21:00,422.99,423.8,422.95,423.16,54985,0.2592571428571294,423.375,423.28345,423.157,423.39295000000004,0.03866606060606159,0.06436090909090653,100.0,100.0,0.9541863834891089,0.0,0.8930898233967355,0.7488972997963401,green,orange
2026-08-21 16:22:00,423.17,423.36,423.17,423.19,15466,0.23425714285713184,423.375,423.28345,423.17699999999996,423.40095,0.041044545454545216,0.06192030303030144,90.0,90.0,0.9520445196542173,0.0,0.545446498422848,0.7454425230130255,green,orange
2026-08-21 16:23:00,423.195,423.2499,423.03,423.165,6541,0.23831428571427946,423.375,423.28345,423.163,423.38793999999996,0.03942303030302869,0.05506363636363273,80.0,80.0,0.9506603744576771,0.0,0.6617322523794655,0.695193125277001,green,red
2026-08-21 16:24:00,423.22,423.23,423.13,423.1397,12377,0.2165357142857098,423.375,423.28345,423.15200000000004,423.37294,0.03334999999999754,0.049886060606057166,70.0,70.0,0.9448537707131012,0.0,0.7474520624276693,0.6443417580928781,green,red
2026-08-21 16:25:00,423.11,423.229,423.04,423.085,10335,0.21988571428570935,423.375,423.28345,423.13500000000005,423.36388999999997,0.02742545454545238,0.04849909090909043,60.0,60.0,0.9423982330059689,0.0,1.0171704086246791,0.6354365645273674,green,red
2026-08-21 16:26:00,423.07,423.0701,422.845,422.94,57752,0.21488571428570985,423.3225,423.28345,423.08949999999993,423.33090000000004,0.021924545454543868,0.056868181818182005,50.0,100.0,0.9418542506759073,0.0,1.865204207973079,0.6694489848584908,green,red
2026-08-21 16:27:00,422.96,423.08,422.84,423.08,42559,0.2170285714285691,423.32,423.28345,423.0455,423.2979,0.030045454545452197,0.05693393939393961,40.0,100.0,0.9413157081691486,0.0,0.46220841875936003,0.6585953203295958,green,orange
2026-08-21 16:28:00,423.11,423.18,423.07,423.14,20099,0.2148857142857139,423.32,423.28345,423.02649999999994,423.2769,0.03881818181817924,0.049903636363636435,30.0,90.0,0.9359725510874577,0.06791316445912798,-0.0,0.596470395578649,green,orange
2026-08-21 16:29:00,423.13,423.25,423.1206,423.185,7658,0.2163071428571389,423.32,423.28345,423.01656,423.2679,0.044575757575756485,0.03926727272727317,20.0,80.0,0.9314006255765822,0.3747843403175466,-0.0,0.49580536520875285,green,red
2026-08-21 16:30:00,423.2,423.235,423.1,423.23,11179,0.2188071428571407,423.1,423.28345,423.02955999999995,423.26840000000004,0.04584848484848639,0.02985818181818221,10.0,70.0,0.927081619320816,0.6109394286289671,-0.0,0.49692432693132105,green,red
2026-08-21 16:31:00,423.22,423.22,423.015,423.025,4823,0.2248785714285678,423.04499999999996,423.28345,423.03606,423.21040000000005,0.04171212121212411,0.041790000000004,0.0,60.0,0.9257658031276091,0.0,1.0058728460899147,0.5057257186317656,lime,red
2026-08-21 16:32:00,423.035,423.35,423.0,423.35,38368,0.23987857142857041,423.095,423.28345,423.2094,423.01905999999997,0.06546212121212867,0.04713090909091513,0.0,50.0,0.9294581450963338,1.543985033787294,-0.0,0.5197424639196697,green,orange
2026-08-21 16:33:00,423.35,423.36,423.2,423.241,29599,0.24273571428571877,423.1,423.28345,423.22041,423.03606,0.07616666666667628,0.05560060606061611,100.0,40.0,0.9260835636453714,0.4082442270367892,-0.0,0.4984991108701706,lime,red
2026-08-21 16:34:00,423.25,423.37,423.25,423.325,5537,0.23337857142857793,423.105,423.28345,423.23441,423.04805999999996,0.08336363636364667,0.05317030303031406,100.0,30.0,0.9215957280089184,0.8994074784192208,-0.0,0.5069914793858743,green,red
2026-08-21 16:35:00,423.3,423.325,423.26,423.29,2637,0.17730714285714758,423.105,423.32,423.24401,423.07006,0.07650909090910019,0.050339696969704716,90.0,20.0,0.9147847707288291,0.41961335937571675,-0.0,0.5052596020195779,lime,red
2026-08-21 16:36:00,423.33,423.4088,423.29,423.315,16306,0.17150714285714588,423.20439999999996,423.32,423.27788,423.11456,0.06887272727273332,0.043223333333338075,100.0,10.0,0.9100325230215395,0.4696935981911565,-0.0,0.48610246067596563,green,red
2026-08-21 16:37:00,423.3425,423.49,423.3425,423.48,36120,0.1683000000000001,423.245,423.32,423.31888,423.16481000000005,0.07245151515152064,0.036560606060608986,100.0,0.0,0.9074071977913245,1.5087058240743545,-0.0,0.5197047159193744,green,red
2026-08-21 16:38:00,423.48,423.72,423.45,423.7,10490,0.18044285714285838,423.36,423.32,423.37288,423.20280999999994,0.08989393939394152,0.029775757575759704,100.0,40.0,0.9083231258134128,2.7004253078837337,-0.0,0.689616203070841,green,red
2026-08-21 16:39:00,423.7,423.82,423.61,423.655,18948,0.18194285714285943,423.40999999999997,423.33,423.42987999999997,423.25175,0.09323030303030293,0.027521212121214857,100.0,30.0,0.9070098945552778,1.700770484012537,-0.0,0.7950753834901434,lime,red
2026-08-21 16:40:00,423.67,423.715,423.56,423.575,7136,0.17587142857143231,423.40999999999997,423.33,423.47788,423.29775,0.08426363636363453,0.03076666666666793,90.0,20.0,0.9036747956097241,0.6469010865646396,-0.0,0.817484287413663,lime,red
2026-08-21 16:41:00,423.59,423.69,423.52,423.65,14731,0.1708714285714328,423.51,423.33,423.52488000000005,423.34825,0.07564545454545117,0.029224242424242267,80.0,10.0,0.9009280476536273,0.9266683553823896,-0.0,0.8802936664063736,green,red
2026-08-21 16:42:00,423.6795,423.83,423.6795,423.76,8710,0.17587142857143231,423.53999999999996,423.335,423.57288,423.4162,0.07448181818181511,0.025136363636362475,100.0,0.0,0.8985787671770913,1.3865809636649828,-0.0,0.9699089334130804,green,red
2026-08-21 16:43:00,423.73,423.94,423.73,423.9,16442,0.18162857142857547,423.6,423.39,423.63088,423.4692,0.0820757575757539,0.019624242424241045,100.0,0.0,0.8973629795053196,1.946494477684837,-0.0,1.0887235462532772,green,red
2026-08-21 16:44:00,423.89,423.96,423.82,423.914,37841,0.181985714285718,423.625,423.4,423.68988,423.5262000000001,0.08089696969696702,0.015724242424241284,100.0,0.0,0.893569349710266,1.4583754988944975,-0.0,1.1774627493302887,lime,red
2026-08-21 16:45:00,423.91,423.98,423.8749,423.97,32956,0.17413571428571523,423.66125,423.40999999999997,423.75537999999995,423.58769,0.07724848484848663,0.01248484848484781,100.0,0.0,0.8885223562131631,1.3608648972916626,-0.0,1.2471595515859235,lime,red
2026-08-21 16:46:00,423.99,424.01,423.91,423.9775,34560,0.15627857142856832,423.73,423.42499999999995,423.8155,423.64969,0.06740909090909507,0.009893939393939009,100.0,0.0,0.8833371326510303,0.9207541422222221,-0.0,1.2447491185631634,lime,red
2026-08-21 16:47:00,423.99,424.14,423.93,424.13,24954,0.15984999999999364,423.83,423.49,423.88050000000004,423.70844,0.06911666666666919,0.007515151515151226,100.0,0.0,0.8822737613245192,1.6064707398993505,-0.0,1.3075410227053226,green,red
2026-08-21 16:48:00,424.14,424.21,424.1,424.12,13918,0.15849285714284633,423.865,423.525,423.9295,423.77344000000005,0.06432878787878872,0.006151515151514036,100.0,0.0,0.8775210237112725,0.9587390629900483,-0.0,1.3478655054541377,lime,red
2026-08-21 16:49:00,424.11,424.21,424.07,424.13,31455,0.16384999999998837,423.865,423.525,423.96849999999995,423.81944000000004,0.057730303030302306,0.004393939393937809,90.0,20.0,0.8739258134741593,0.5839209222386899,-0.0,1.3737426211679349,lime,red
2026-08-21 16:50:00,424.17,424.23,424.1,424.165,17062,0.16464999999999058,423.95475,423.53499999999997,424.02,423.87344,0.05066969696969801,0.0026818181818166037,100.0,10.0,0.8699965553394177,0.46309279574700213,-0.0,1.3949292944737408,lime,red
2026-08-21 16:51:00,424.17,424.38,424.15,424.27,19526,0.1685785714285625,424.055,423.61,424.08900000000006,423.93644000000006,0.05207878787878644,0.0016363636363623205,100.0,0.0,0.8698065897860241,0.8657135764684654,-0.0,1.343434071698539,green,red
2026-08-21 16:52:00,424.28,424.28,424.16,424.235,17196,0.15786428571427027,424.1,423.61,424.134,423.98449,0.048427272727269606,0.0043939393939353985,90.0,0.0,0.865548523888162,0.16616332119269828,-0.0,1.3569572578886664,lime,red
2026-08-21 16:53:00,424.23,424.385,424.23,424.385,12906,0.15393571428569836,424.12995,423.6925,424.1785,424.03449,0.054881818181811946,0.006015151515146044,100.0,0.0,0.8626280386492793,0.9443941659515076,-0.0,1.352886703059312,green,red
2026-08-21 16:54:00,424.3943,424.44,424.345,424.4355,21568,0.1496499999999839,424.175,423.72,424.22650000000004,424.08699000000007,0.05868484848484121,0.006363636363630576,100.0,0.0,0.8575167582627854,0.8289978857362712,-0.0,1.3564504917528666,lime,red
2026-08-21 16:55:00,424.43,424.47,424.38,424.4499,19882,0.14393571428569935,424.20000000000005,423.735,424.2755,424.1375,0.0576621212121159,0.005545454545449502,100.0,0.0,0.8522715906801588,0.469960938148688,-0.0,1.3111217308079404,lime,red
2026-08-21 16:56:00,424.42,424.46,424.31,424.385,19165,0.1417928571428401,424.27,423.735,424.3205,424.17749999999995,0.05025393939393628,0.010627272727270506,90.0,0.0,0.8492988747733564,0.0,0.3860248291874768,1.2128806698565313,lime,red
2026-08-21 16:57:00,424.38,424.4795,424.37,424.45,12630,0.13461428571426787,424.27475,423.73974999999996,424.35445,424.2215,0.046997878787877055,0.013152424242423938,100.0,0.0,0.8448573860256215,0.0,0.11965442094549417,1.1622600956055749,green,orange
2026-08-21 16:58:00,424.46,424.5799,424.46,424.53,15585,0.13389285714284174,424.33995000000004,423.88995,424.39144,424.2575,0.049575454545451904,0.013317575757576543,100.0,10.0,0.8412151121653662,0.19809623420030675,-0.0,1.1809950948445476,green,orange
2026-08-21 16:59:00,424.54,424.62,424.49,424.57,33592,0.13567142857141334,424.385,423.935,424.43243999999993,424.29949999999997,0.05122121212121098,0.011410303030304061,100.0,0.0,0.8376129610437124,0.15760918356022557,-0.0,1.1713518341255167,lime,red
2026-08-21 17:00:00,424.57,424.6,424.44,424.4501,19227,0.13995714285713184,424.39,423.94,424.46944,424.3335,0.046768484848484886,0.020463636363635112,90.0,0.0,0.8351568314332761,0.0,1.0239075562094513,1.0663488398035952,lime,red
2026-08-21 17:01:00,424.47,424.51,424.38,424.49,13632,0.13424285714284728,424.425,423.95500000000004,424.48243999999994,424.35650000000004,0.042200606060606216,0.02482393939393691,80.0,0.0,0.8316152631189433,0.0,0.7906467961311137,0.9654922146607987,green,orange
2026-08-21 17:02:00,424.54,424.64,424.5001,424.64,22572,0.1370999999999916,424.475,423.99125,424.51844,424.39051,0.04956090909090683,0.024824242424239685,100.0,0.0,0.828849110487753,0.19157911898673774,-0.0,0.9200192536551413,green,orange
2026-08-21 17:03:00,424.6,424.75,424.57,424.605,45987,0.13995714285713592,424.53,424.1,424.55494,424.42451,0.05030363636363283,0.024327878787873528,100.0,0.0,0.8272206193828758,0.0,0.36925902864823,0.8905243019472664,lime,red
2026-08-21 17:04:00,424.61,424.7,424.38,424.45,27528,0.15352857142856433,424.53,424.135,424.58094,424.42801,0.04594363636363245,0.036755757575753535,90.0,20.0,0.8307884131890467,0.0,1.6659925171995837,0.8128853455376657,green,red
2026-08-21 17:05:00,424.465,424.58,424.34,424.44,16569,0.15424285714284938,424.54499999999996,424.135,424.59193999999997,424.42401,0.037951818181814485,0.04281999999999626,80.0,10.0,0.8313605290571566,0.0,1.621940492374847,0.7369629396808932,green,orange
2026-08-21 17:06:00,424.43,424.59,424.4,424.479,25987,0.15924285714285297,424.54499999999996,424.135,424.60494,424.43301,0.034396969696965214,0.041687272727269624,70.0,0.0,0.8300769237665849,0.0,1.217148273578914,0.6455103291110618,green,orange
2026-08-21 17:07:00,424.45,424.7,424.44,424.66,33282,0.16674285714285425,424.54499999999996,424.21475,424.62699000000003,424.44001,0.04600060606060507,0.0356142424242395,60.0,80.0,0.8313961545289187,0.13335444227664084,-0.0,0.6394492743464752,green,orange
2026-08-21 17:08:00,424.68,424.845,424.67,424.82,28144,0.17317142857142795,424.5925,424.2875,424.6535,424.46101,0.06423575757575611,0.029601212121209836,100.0,70.0,0.8299271929836296,1.0391516761495723,-0.0,0.6713996423328581,green,red
2026-08-21 17:09:00,424.83,424.89,424.69,424.79,22649,0.18102857142856774,424.615,424.355,424.68050000000005,424.48100999999997,0.06940727272727086,0.026512121212117146,100.0,60.0,0.8290279210537929,0.3728771251803664,-0.0,0.6643469335709824,lime,red
2026-08-21 17:10:00,424.78,424.84,424.65,424.68,11455,0.18388571428571204,424.615,424.38245,424.7045,424.50201,0.06377272727272491,0.03224121212120859,90.0,50.0,0.8277676418432549,0.0,0.7277411369739184,0.6131889085905868,lime,red
2026-08-21 17:11:00,424.67,424.805,424.59,424.61,19563,0.19142142857143085,424.615,424.4,424.73400000000004,424.52301,0.053289696969695245,0.03999969696969357,80.0,40.0,0.8274449654248235,0.0,1.294576058753023,0.5750077397531186,green,red
2026-08-21 17:12:00,424.61,424.625,424.26,424.275,11496,0.20821428571428718,424.575,424.40999999999997,424.49899999999997,424.73249999999996,0.04329060606060494,0.07118181818181872,70.0,100.0,0.8326755157705756,0.0,3.626488592241799,0.5587427670434408,green,red
2026-08-21 17:13:00,424.27,424.2725,423.9214,424.055,28198,0.22418571428571404,424.4057,424.4057,424.43414,424.68475,0.03489696969696889,0.1033181818181819,60.0,100.0,0.8374319606128688,0.0,4.5865170604429295,0.6926399579165263,green,red
2026-08-21 17:14:00,424.0752,424.19,423.985,424.12,7305,0.22739999999999685,424.4057,424.4057,424.39464,424.63374999999996,0.033442424242423385,0.1125909090909085,50.0,90.0,0.8366426410067395,0.0,3.2402542698929437,0.7750373680211169,green,orange
2026-08-21 17:15:00,424.11,424.16,424.02,424.09,13701,0.22811428571428596,424.4057,424.4057,424.36264,424.59175000000005,0.02988181818181729,0.10704545454545589,40.0,80.0,0.8334562145966736,0.0,2.830615282765052,0.8562287294863609,green,orange
2026-08-21 17:16:00,424.09,424.104,423.95,424.07,8379,0.22840000000000163,424.4057,424.4057,424.31764000000004,424.54314999999997,0.023957575757574914,0.09593939393939538,30.0,70.0,0.8308196524507068,0.0,2.405620460561977,0.9287725773061766,green,orange
2026-08-21 17:17:00,424.14,424.2317,423.94,423.95,19124,0.23637857142857197,424.4057,424.4057,424.26764000000003,424.49632,0.016221212121211286,0.09439393939394104,20.0,60.0,0.8333043559261994,0.0,2.763181549037199,1.0364166888795125,green,red
2026-08-21 17:18:00,424.02,424.31,424.009,424.1801,19773,0.23923571428571627,424.3807,424.4057,424.20154,424.44282000000004,0.031284848484847326,0.08642424242424375,10.0,50.0,0.8382913123669379,0.0,0.4982942930058698,1.0574984335630688,green,orange
2026-08-21 17:19:00,424.155,424.25,424.01,424.06,11392,0.23923571428571627,424.3632,424.4057,424.13354,424.37882,0.039953636363635046,0.08434242424242382,0.0,40.0,0.8387883992432688,0.0,1.2323878184190562,1.0947968569745399,green,red
2026-08-21 17:20:00,424.035,424.04,423.94,423.97,9514,0.23423571428571677,424.2732,424.4057,424.06254,424.29882,0.04177333333333205,0.08198393939393533,0.0,30.0,0.8348405152508362,0.0,1.577385448657651,1.157150718172943,green,red
2026-08-21 17:21:00,423.97,424.21,423.92,424.04,25989,0.23637857142857197,424.115,424.405,423.99554,424.23932,0.042771515151513416,0.07289454545453945,0.0,100.0,0.8372221100983265,0.0,0.6809888860431101,1.18799942200053,green,orange
2026-08-21 17:22:00,424.08,424.08,423.68,423.79,27314,0.251735714285713,423.995,424.28499999999997,423.93754,424.18482000000006,0.0410121212121193,0.08065030303029665,0.0,100.0,0.8436498889973424,0.0,2.2683592271732778,1.2542115557888565,green,red
2026-08-21 17:23:00,423.79,423.795,423.36,423.38,82929,0.2685214285714283,423.83500000000004,424.125,423.88140000000004,424.13706999999994,0.03670727272727087,0.11663333333333,50.0,100.0,0.851308390107369,0.0,4.634893149968207,1.4690530768031067,green,red
2026-08-21 17:24:00,423.39,423.68,423.34,423.61,28774,0.2792357142857164,423.825,424.115,423.8169,424.08607,0.0509781818181819,0.13161636363636228,40.0,100.0,0.8553753062062965,0.0,1.8413240792250463,1.559878070586592,green,orange
2026-08-21 17:25:00,423.61,423.66,423.46,423.5799,21123,0.27816428571428886,423.825,424.115,423.76090000000005,424.03607,0.05677939393939524,0.12844181818181824,30.0,90.0,0.8542215531442352,0.0,1.4990312280252738,1.6377974862739393,green,orange
2026-08-21 17:26:00,423.56,423.56,423.36,423.53,19528,0.26780000000000215,423.825,424.115,423.7019,423.98166999999995,0.054610909090910924,0.11589060606061001,20.0,80.0,0.8538156376127926,0.0,1.3559239374507115,1.7010931518613006,green,orange
2026-08-21 17:27:00,423.54,423.66,423.51,423.66,18089,0.25325714285714945,423.79499999999996,424.115,423.6589,423.92449999999997,0.05679090909091559,0.10064272727273353,10.0,70.0,0.850827481236666,0.06323902738813558,-0.0,1.6650689935901255,green,orange
2026-08-21 17:28:00,423.7,424.19,423.7,423.96,31696,0.27647142857143436,423.775,424.115,423.9125,423.628,0.08112242424242923,0.08388000000000713,0.0,60.0,0.8619292064242983,2.3949109909807476,-0.0,1.505881806973548,green,red
2026-08-21 17:29:00,424.0,424.11,423.92,423.985,26036,0.2800428571428597,423.775,424.115,423.89849999999996,423.619,0.09327303030303669,0.06624181818182492,0.0,50.0,0.8603399143600552,2.220068102157029,-0.0,1.3199023152634481,lime,red
2026-08-21 17:30:00,423.97,423.99,423.72,423.76,11579,0.28832857142857293,423.765,424.115,423.8935,423.59700000000004,0.0905909090909154,0.07051363636364462,10.0,40.0,0.8617265152164539,0.26291121659141936,-0.0,1.155094443961275,lime,red
2026-08-21 17:31:00,423.785,423.92,423.77,423.87,9982,0.2789214285714325,423.765,424.115,423.8645,423.582,0.08769696969697743,0.06746787878788729,0.0,30.0,0.8590292500642902,1.1316582581946477,-0.0,0.964106903740003,green,red
2026-08-21 17:32:00,423.8791,423.9,423.765,423.78,2422,0.2628500000000023,423.765,424.115,423.8465,423.59049999999996,0.0802727272727347,0.06533151515152578,60.0,20.0,0.8554339575636469,0.36350670095373516,-0.0,0.9001005883833386,lime,red
2026-08-21 17:33:00,423.77,423.85,423.75,423.84,2453,0.25285000000000324,423.775,424.115,423.85200000000003,423.6295,0.07472727272727951,0.05469515151516217,50.0,10.0,0.8505796179880113,0.8344591082197894,-0.0,0.8836830914135589,green,red
2026-08-21 17:34:00,423.8462,423.86,423.795,423.84,4397,0.24892142857143135,423.775,424.115,423.87000000000006,423.675,0.06336363636364195,0.046028484848494595,40.0,0.0,0.8444788218081312,0.7631601782213693,-0.0,0.8494673351100346,lime,red
2026-08-21 17:35:00,423.86,424.11,423.86,424.07,6568,0.24749285714286526,423.85,424.09,423.91499999999996,423.715,0.07281818181818794,0.03760424242425037,30.0,10.0,0.8460240335900513,2.349884262374644,-0.0,0.8448301079587281,green,red
2026-08-21 17:36:00,424.09,424.16,424.04,424.16,4901,0.2274928571428672,423.945,424.0725,423.975,423.783,0.08078787878788767,0.03069606060606685,20.0,0.0,0.842003793254151,2.5611366443979477,-0.0,0.8684087175905688,green,red
2026-08-21 17:37:00,424.09,424.19,424.09,424.13,11324,0.20356428571429724,423.95500000000004,423.98249999999996,424.0280000000001,423.841,0.0775454545454643,0.02715121212121972,10.0,0.0,0.8372837553216101,1.8359225659941103,-0.0,0.9000789531145301,lime,red
2026-08-21 17:38:00,424.115,424.12,424.06,424.11,8811,0.1842785714285802,423.95500000000004,423.825,424.021,423.87700000000007,0.06454545454546388,0.024636363636369996,0.0,0.0,0.8315009177683939,1.3186075750371629,-0.0,0.8810515292582295,lime,red
2026-08-21 17:39:00,424.12,424.12,423.99,424.035,4117,0.17927857142857664,423.97,423.825,424.02200000000005,423.884,0.052060606060613836,0.02721212121212506,80.0,10.0,0.8279959085907097,0.5034051453679922,-0.0,0.8764545848550824,lime,red
2026-08-21 17:40:00,424.03,424.1199,424.02,424.08,3057,0.17070714285714775,423.97,423.825,424.03499,423.91399999999993,0.04610606060606329,0.025106060606062058,70.0,0.0,0.8234122495048023,0.7205154338583952,-0.0,0.8939568383244705,green,red
2026-08-21 17:41:00,424.1,424.17,424.01,424.15,3830,0.1714214285714328,423.97,423.825,424.05999,423.938,0.04580303030302896,0.02165151515151544,60.0,20.0,0.8210981270097553,1.0618922646261808,-0.0,0.9176570666347743,green,red
2026-08-21 17:42:00,424.21,424.21,423.98,424.06,20795,0.14999285714286056,424.0025,423.825,424.09099,423.95950000000005,0.04218181818181479,0.02524242424242161,100.0,10.0,0.8213971457396563,0.16853345950551102,-0.0,0.9305142479450978,lime,red
2026-08-21 17:43:00,424.02,424.05,423.94,424.05,8199,0.14499285714286106,424.03499999999997,423.825,424.11099,423.9785,0.035181818181814435,0.027696969696964658,90.0,0.0,0.8176231742822598,0.04104683487696548,-0.0,0.813225732465412,lime,red
2026-08-21 17:44:00,424.06,424.06,423.63,423.68,24126,0.15642142857143426,423.91999999999996,423.79499999999996,423.962,424.13099,0.02672727272726892,0.0606666666666611,80.0,100.0,0.8253569425394375,0.0,2.6439190030555437,0.7934321496853727,lime,red
2026-08-21 17:45:00,423.64,423.66,423.51,423.58,7372,0.15713571428571932,423.86,423.775,423.927,424.0859899999999,0.018636363636359777,0.0850606060606031,70.0,100.0,0.8233933731140437,0.0,2.778933046986367,0.7933964295798432,green,red
2026-08-21 17:46:00,423.62,423.65,423.48,423.59,9611,0.15963571428571705,423.845,423.775,423.871,424.03499,0.013727272727268166,0.09172727272727164,60.0,100.0,0.8214494393829017,0.0,2.0633009384113166,0.7702603795891036,green,orange
2026-08-21 17:47:00,423.585,423.69,423.55,423.56,3914,0.1624928571428573,423.845,423.775,423.817,423.98499000000004,0.01063636363635913,0.08515151515151247,50.0,90.0,0.8184149449890722,0.0,1.7662865976450348,0.8031228520735567,green,orange
2026-08-21 17:48:00,423.56,423.68,423.55,423.6,2939,0.1671357142857143,423.845,423.775,423.76599999999996,423.94099000000006,0.012060606060604046,0.07433333333332963,40.0,80.0,0.8150407955391814,0.0,1.0108903295503069,0.8491754513067917,green,orange
2026-08-21 17:49:00,423.6,423.75,423.6,423.67,6104,0.15856428571428133,423.845,423.775,423.727,423.90398999999996,0.01821212121212067,0.06278787878787508,30.0,70.0,0.8124403875837888,0.0,0.19215091346666213,0.8680595418259145,green,orange
2026-08-21 17:50:00,423.66,423.82,423.625,423.76,3330,0.1639214285714234,423.845,423.78499999999997,423.6875,423.87399999999997,0.028333333333331504,0.05113636363636071,20.0,60.0,0.8115309837079506,0.5950910896063988,-0.0,0.8680595418259145,green,orange
2026-08-21 17:51:00,423.82,423.83,423.5901,423.705,2497,0.17391428571427728,423.77,423.78499999999997,423.64551,423.84,0.03143939393939101,0.04499999999999835,10.0,50.0,0.8122919738708703,0.1640688288819092,-0.0,0.8822101430930616,lime,red
2026-08-21 17:52:00,423.712,423.75,423.7,423.715,2521,0.17248571428570716,423.77,423.845,423.61751000000004,423.794,0.030757575757571726,0.03692424242424174,0.0,40.0,0.8060190541321619,0.29117026188657746,-0.0,0.8898320360415255,green,red
2026-08-21 17:53:00,423.69,423.79,423.67,423.7899,4005,0.17177142857142208,423.655,423.845,423.7679999999999,423.59051,0.03405151515151229,0.02766666666666648,10.0,30.0,0.8023988635908404,0.8533816950119899,-0.0,0.8923436247189329,green,red
2026-08-21 17:54:00,423.76,423.975,423.7,423.73,19660,0.18427857142856802,423.7275,423.845,423.7595,423.59750999999994,0.03424333333333142,0.022657575757572924,0.0,20.0,0.8045498749549334,0.3163407187452094,-0.0,0.9005065284241027,lime,red
2026-08-21 17:55:00,423.72,423.79,423.6814,423.775,7761,0.18060714285713939,423.76250000000005,423.845,423.77250000000004,423.61465,0.035469090909086017,0.018985757575753173,90.0,10.0,0.8005225762053849,0.645105301795752,-0.0,0.8813703728005748,green,red
2026-08-21 17:56:00,423.77,423.82,423.77,423.785,1052,0.1677500000000001,423.76250000000005,423.845,423.7895,423.64365,0.033334545454543084,0.01631757575757106,80.0,0.0,0.7943673504433315,0.6440507124352735,-0.0,0.8314508861960803,lime,red
2026-08-21 17:57:00,423.83,423.9255,423.75,423.9255,5956,0.17171428571428546,423.78255,423.845,423.81305000000003,423.66364999999996,0.042033333333330695,0.01337999999999614,70.0,0.0,0.7929171769388982,1.5728079348707524,-0.0,0.7878221822805926,green,red
2026-08-21 17:58:00,423.91,423.91,423.79,423.79,12431,0.1506785714285692,423.78255,423.845,423.83605,423.68765,0.04339424242424009,0.023336363636358534,60.0,0.0,0.7900015051695084,0.30100452868907723,-0.0,0.7382089572594168,lime,red
2026-08-21 17:59:00,423.81,423.85,423.78,423.82,7981,0.1435357142857145,423.78255,423.845,423.84605,423.70565,0.04243393939393438,0.02813666666666098,50.0,20.0,0.7846914901178152,0.48935223576847875,-0.0,0.7052574903793811,green,red
2026-08-21 18:00:00,423.84,423.99,423.77,423.99,8746,0.14710714285714793,423.83000000000004,423.845,423.86305000000004,423.72015,0.05194181818181392,0.028100606060600473,100.0,10.0,0.7849845752166381,1.636469644604972,-0.0,0.6782528649323467,green,red
2026-08-21 18:01:00,423.98,424.04,423.94,423.98,5259,0.14425000000000768,423.855,423.845,423.88405,423.75514000000004,0.05502545454545119,0.024456969696964075,100.0,0.0,0.7808347294644725,1.224251436221948,-0.0,0.615634068813506,lime,red
2026-08-21 18:02:00,423.97,424.21,423.97,424.18,51902,0.15210714285714744,423.9457,423.845,423.93005000000005,423.78213999999997,0.06986666666666334,0.0209193939393887,100.0,10.0,0.781906382169826,2.3950291768028364,-0.0,0.6690033446141115,green,red
2026-08-21 18:03:00,424.2,424.32,424.2,424.3,5754,0.15139285714286238,424.0007,423.9,423.98305,423.83514,0.0824351515151484,0.017351515151510667,100.0,0.0,0.7792673183481272,2.71065243024168,-0.0,0.7808087584099894,green,red
2026-08-21 18:04:00,424.3,424.34,424.3,424.321,10670,0.14032142857143168,424.04499999999996,423.90999999999997,424.01955,423.89513999999997,0.08565424242424118,0.013616969696966297,100.0,10.0,0.7729546451646446,2.216275749249803,-0.0,0.9015788778573324,lime,red
2026-08-21 18:05:00,424.35,424.35,424.215,424.22,8190,0.13282857142857957,424.05,423.915,424.07555,423.94849999999997,0.0775000000000003,0.01960878787878521,100.0,0.0,0.770220098713,0.9277894521875396,-0.0,0.9342706524048481,lime,red
2026-08-21 18:06:00,424.24,424.2946,424.17,424.255,10618,0.13815714285714925,424.06,423.915,424.12300999999997,423.98850000000004,0.06839999999999793,0.021984848484846404,90.0,10.0,0.7671280977258694,0.8841287983329948,-0.0,0.9611884580789365,lime,red
2026-08-21 18:07:00,424.25,424.34,424.21,424.32,5552,0.1388714285714343,424.06,423.915,424.1644600000001,424.03450000000004,0.0634939393939357,0.020869696969695418,80.0,0.0,0.7642668167486105,1.055230806880445,-0.0,0.9792822126145211,green,red
2026-08-21 18:08:00,424.34,424.47,424.325,424.42,5910,0.12994285714286288,424.12,423.975,424.22046,424.088,0.06531969696969489,0.016387878787877803,100.0,20.0,0.7621741485811256,1.4285417160647285,-0.0,1.0193125285649103,green,red
2026-08-21 18:09:00,424.405,424.42,424.31,424.3207,6864,0.13004285714286215,424.20500000000004,423.975,424.27745999999996,424.14099999999996,0.06055757575757553,0.022165151515153438,90.0,10.0,0.7586224070953149,0.2738703005587695,-0.0,1.022807500201111,lime,red
2026-08-21 18:10:00,424.3,424.3499,424.2,424.2,7010,0.13717857142857579,424.22,423.975,424.31345,424.184,0.05069090909090964,0.035824545454549,80.0,0.0,0.7565824830243618,0.0,0.7875488460643965,1.0096432425386865,lime,red
2026-08-21 18:11:00,424.2,424.2,424.05,424.16,11373,0.13535714285714562,424.26,423.975,424.195,424.32945,0.03921818181818235,0.045165151515152324,70.0,0.0,0.7545666581941173,0.0,1.0307855125489596,0.9685893504653222,green,red
2026-08-21 18:12:00,424.184,424.21,424.07,424.17,6268,0.1356785714285747,424.26,424.01,424.20500000000004,424.32945,0.0297757575757573,0.04532181818181671,60.0,0.0,0.7522009916121757,0.0,0.8506343479734824,0.9204241718632602,green,orange
2026-08-21 18:13:00,424.16,424.18,424.13,424.18,3843,0.1342500000000005,424.26,424.01,424.19800000000004,424.31544999999994,0.023181818181816565,0.040061212121209645,50.0,80.0,0.7465289816960543,0.0,0.699796434442419,0.8849762162383286,green,orange
2026-08-21 18:14:00,424.1994,424.22,424.15,424.15,9566,0.12353571428571643,424.26,424.03005,424.183,424.30345,0.018133333333331034,0.03622484848484887,40.0,70.0,0.7416536918790956,0.0,0.8608231809955669,0.8174091535819343,green,red
2026-08-21 18:15:00,424.155,424.29,424.155,424.29,4546,0.12639285714286075,424.26,424.03005,424.17699999999996,424.29745,0.026639393939395652,0.03120666666666876,30.0,60.0,0.7394171549603062,0.24333903387912414,-0.0,0.7662060998953848,green,orange
2026-08-21 18:16:00,424.27,424.2783,424.18,424.25,6049,0.11710714285715085,424.26,424.03005,424.178,424.29582,0.029787878787883217,0.029652121212125782,20.0,50.0,0.7360929834107036,0.0,0.18665739644745827,0.6949269996803196,lime,red
2026-08-21 18:17:00,424.2763,424.29,424.23,424.2599,7519,0.11139285714286627,424.235,424.07000000000005,424.18,424.29082,0.029127272727279514,0.026133939393944653,10.0,40.0,0.7309520535765968,0.0,0.16316562651525146,0.6626639200109139,green,orange
2026-08-21 18:18:00,424.27,424.33,424.26,424.3299,7161,0.11354285714286659,424.19995,424.07000000000005,424.27681999999993,424.1735,0.030576666666672914,0.021467272727277924,0.0,30.0,0.7262362330408295,0.2885862231653391,-0.0,0.5645811840735178,green,orange
2026-08-21 18:19:00,424.3101,424.38,424.31,424.37,5227,0.10890000000000555,424.21500000000003,424.0757,424.27281999999997,424.1735,0.03396303030303536,0.01546727272727718,0.0,20.0,0.7215638707104209,0.42456745898050485,-0.0,0.450950245521085,green,red
2026-08-21 18:20:00,424.37,424.47,424.36,424.4,4713,0.10785714285715033,424.27,424.0757,424.28482999999994,424.18950000000007,0.036424545454546875,0.010370000000003963,100.0,10.0,0.7184182320033171,0.4537542681254081,-0.0,0.4120847099147795,green,red
2026-08-21 18:21:00,424.36,424.38,424.32,424.32,6407,0.10428571428572095,424.3,424.11,424.30283,424.2165,0.0342157575757569,0.014244545454547642,90.0,0.0,0.7141940496832834,0.0,0.31829315226502786,0.32479680731171356,lime,red
2026-08-21 18:22:00,424.325,424.34,424.27,424.34,8034,0.0985714285714323,424.31,424.11,424.31583,424.2365,0.031397575757572474,0.01636363636363716,80.0,0.0,0.7096421091864502,0.0,0.20159761949400945,0.31858753690517005,green,orange
2026-08-21 18:23:00,424.335,424.38,424.335,424.37,2503,0.09392857142857533,424.3125,424.12,424.33583,424.25699999999995,0.029609696969695315,0.016181818181817933,70.0,0.0,0.7042106880945863,0.0,0.03607721495370697,0.32850333289604805,green,orange
2026-08-21 18:24:00,424.335,424.37,424.28,424.37,6744,0.089650000000006,424.32500000000005,424.12,424.35083000000003,424.27,0.02606424242424175,0.013454545454544588,60.0,0.0,0.7004985812136416,0.0,0.12136946537452786,0.33619480214144914,green,red
2026-08-21 18:25:00,424.38,424.47,424.38,424.41,6704,0.08607857142858068,424.35,424.12,424.36883,424.2925,0.02448848484848647,0.01099999999999878,50.0,0.0,0.697193595401506,0.10036873690182802,-0.0,0.3481076629244626,green,orange
2026-08-21 18:26:00,424.4,424.44,424.32,424.355,11324,0.08465000000001055,424.365,424.20500000000004,424.38500000000005,424.30649999999997,0.02164000000000249,0.013727272727271955,40.0,0.0,0.6946616594474911,0.0,0.4090998366717713,0.3500917139043622,lime,red
2026-08-21 18:27:00,424.35,424.35,424.26,424.26,6907,0.0878642857142974,424.365,424.22,424.30949999999996,424.39099999999996,0.018185454545457422,0.023378787878790042,30.0,0.0,0.6912300428530173,0.0,1.0907735072754576,0.35121203332903406,green,red
2026-08-21 18:28:00,424.24,424.29,424.22,424.23,14040,0.08786428571429335,424.345,424.26,424.30550000000005,424.387,0.013911818181821039,0.030257575757577176,20.0,100.0,0.6869077424244868,0.0,1.1457511864500702,0.3356156914617259,green,red
2026-08-21 18:29:00,424.2,424.26,424.17,424.26,10647,0.0842928571428599,424.32000000000005,424.26,424.2915,424.375,0.013061818181818572,0.03078787878787938,10.0,100.0,0.6833686650002411,0.0,0.7449986423659993,0.33483918235413057,green,orange
2026-08-21 18:30:00,424.215,424.26,423.89,423.92,14754,0.10286428571428782,424.18,424.18,424.24449999999996,424.354,0.011848787878786843,0.05796969696969454,0.0,100.0,0.6902249783502387,0.0,3.078938972302012,0.46295496443235606,green,red
2026-08-21 18:31:00,423.95,423.95,423.81,423.885,10915,0.1085785714285724,424.14,424.14,424.1935,424.311,0.01027272727272551,0.07393939393939265,40.0,100.0,0.6885027285667359,0.0,2.68269348752483,0.5706612361649377,green,orange
2026-08-21 18:32:00,423.89,423.92,423.77,423.81,5155,0.11428571428571997,424.12,424.12,424.14349999999996,424.26900000000006,0.007999999999998236,0.08371212121211984,30.0,100.0,0.6871677012810697,0.0,2.6288522275086734,0.6938813595987767,green,orange
2026-08-21 18:33:00,423.805,423.93,423.805,423.93,9854,0.11821428571429189,424.12,424.12,424.09049999999996,424.224,0.01690909090908931,0.07840909090908971,20.0,90.0,0.6849210242682591,0.0,1.1567104741942558,0.7455790925878318,green,orange
2026-08-21 18:34:00,423.89,424.0,423.87,423.99,9542,0.11964285714286202,424.105,424.12,424.04949999999997,424.187,0.026939393939392695,0.06945454545454395,10.0,80.0,0.6828818140255765,0.0,0.42091040565537696,0.7724705507172303,green,orange
2026-08-21 18:35:00,423.975,424.05,423.86,423.9,27787,0.12750000000000586,424.06,424.12,423.99750000000006,424.145,0.03048484848484746,0.06618181818181966,0.0,70.0,0.6830829958853205,0.0,0.9165552476167704,0.8190013007763355,green,red
2026-08-21 18:36:00,423.91,424.04,423.91,424.04,13003,0.13250000000000942,424.03,424.12,423.95650000000006,424.105,0.04103030303030619,0.05936363636363956,0.0,60.0,0.6814321659264689,0.3568461468358919,-0.0,0.8292454491186163,green,orange
2026-08-21 18:37:00,424.035,424.05,423.9,423.95,18578,0.14000000000001073,424.015,424.12,423.9205,424.075,0.044303030303036006,0.05795454545455217,0.0,50.0,0.6801678442672056,0.0,0.30082337201349674,0.8524581961290778,lime,red
2026-08-21 18:38:00,423.95,424.02,423.74,423.74,14079,0.15357142857143508,424.0,424.105,423.87249999999995,424.04800000000006,0.04260606060606733,0.07028787878788513,0.0,100.0,0.6837261658245324,0.0,1.6742017885218274,0.9209720264000225,green,red
2026-08-21 18:39:00,423.77,423.8,423.73,423.74,11215,0.15142857142857583,423.89,424.1,423.82849999999996,424.00199999999995,0.03624242424243055,0.07209090909091466,0.0,100.0,0.6794789041662868,0.0,1.2234389890500097,0.96141562278126,green,orange
2026-08-21 18:40:00,423.75,423.89,423.75,423.82,12398,0.153571428571431,423.89,424.1,423.81449999999995,423.965,0.03742424242424663,0.06372727272727712,0.0,90.0,0.6782341151246231,0.0,0.28197595254709995,0.9545326769198255,green,orange
2026-08-21 18:41:00,423.815,423.8874,423.8,423.85,10919,0.1530285714285721,423.89,424.1,423.81350000000003,423.95874000000003,0.03836363636364161,0.051545454545458134,40.0,80.0,0.6746855739733768,0.0998765797771739,-0.0,0.9483969853571352,green,orange
2026-08-21 18:42:00,423.85,423.88,423.78,423.87,8357,0.15517142857143135,423.89,424.1,423.81449999999995,423.95474,0.03712121212121608,0.041742424242427106,30.0,70.0,0.6716387182336438,0.3261157252825342,-0.0,0.9237680272400439,green,red
2026-08-21 18:43:00,423.845,423.909,423.81,423.909,7927,0.1558142857142895,423.89,424.1,423.81499999999994,423.95264,0.03487878787878957,0.03386363636363846,20.0,60.0,0.668585331051307,0.6360624549404292,-0.0,0.8736493092310411,green,red
2026-08-21 18:44:00,423.91,423.92,423.76,423.85,16637,0.14081428571429097,423.89,424.1,423.804,423.94464,0.03046363636363601,0.03190909090908945,10.0,50.0,0.6678194777407949,0.16805989322620007,-0.0,0.8160923320727989,lime,red
2026-08-21 18:45:00,423.85,424.05,423.84,423.98,22751,0.14581428571429456,423.89,424.1,423.94464,423.802,0.03705454545454376,0.027857575757571917,0.0,40.0,0.6689112829633882,1.1563990839846383,-0.0,0.7119165827429015,green,red
2026-08-21 18:46:00,423.97,424.06,423.97,424.04,8282,0.14152857142857606,423.895,424.1,423.94664,423.808,0.0434060606060584,0.022478787878783074,100.0,30.0,0.6655521701337535,1.4149964660998648,-0.0,0.6156363928107567,green,red
2026-08-21 18:47:00,424.03,424.12,424.03,424.07,12840,0.13902857142857833,423.925,424.1,423.95364,423.821,0.046848484848480136,0.015678787878783334,100.0,20.0,0.6622266484324171,1.3860913214182347,-0.0,0.5552226293598324,lime,red
2026-08-21 18:48:00,424.087,424.32,424.06,424.2,17359,0.14831428571429228,424.03499999999997,424.1,423.98364000000004,423.85299999999995,0.05526060606059983,0.009969696969693069,100.0,10.0,0.6652243819480925,2.0655976459931935,-0.0,0.5424934244041424,green,red
2026-08-21 18:49:00,424.19,424.25,424.16,424.19,15734,0.14117142857143353,424.03999999999996,424.1,424.02864,423.896,0.055884848484841966,0.00762424242423835,90.0,0.0,0.6619021381286108,1.5693066165800929,-0.0,0.5101192427634942,lime,red
2026-08-21 18:50:00,424.21,424.23,424.15,424.1855,11967,0.13688571428571908,424.03999999999996,424.1,424.06264,423.936,0.05078181818181244,0.006839393939390682,80.0,0.0,0.6582431167473262,1.2020779568774742,-0.0,0.5570136441165232,lime,red
2026-08-21 18:51:00,424.2,424.2,424.05,424.05,8025,0.136885714285715,424.03999999999996,424.08500000000004,424.0939,423.96100000000007,0.04207272727272232,0.01846818181817746,70.0,30.0,0.6572106855798521,0.0,0.039848519609790856,0.5609658867057306,lime,red
2026-08-21 18:52:00,424.08,424.15,424.07,424.15,11403,0.12402857142857167,424.03999999999996,424.04,424.1209,423.98999999999995,0.043212121212114124,0.024262121212116614,60.0,20.0,0.6543385787240524,0.6783555061622337,-0.0,0.5689604460812916,green,orange
2026-08-21 18:53:00,424.15,424.2,424.15,424.2,10385,0.12260000000000153,424.08,424.025,424.15,424.024,0.04556363636362948,0.02497878787878356,50.0,10.0,0.6496451929368123,0.874346061894471,-0.0,0.6021688779950409,green,red
2026-08-21 18:54:00,424.2,424.24,424.2,424.22,11600,0.11474285714286177,424.145,424.025,424.18199999999996,424.0679999999999,0.04469393939393688,0.021178787878784532,40.0,0.0,0.6446287410074449,0.8025512430339177,-0.0,0.6374869986243539,lime,red
2026-08-21 18:55:00,424.21,424.21,424.13,424.14,9599,0.11492857142857815,424.17499999999995,424.025,424.198,424.09700000000004,0.038181818181819115,0.02518787878787986,30.0,0.0,0.6415124535973716,0.019207140014145807,-0.0,0.6426260185602359,lime,red
2026-08-21 18:56:00,424.17,424.17,424.07,424.13,9068,0.11492857142857815,424.185,424.025,424.209,424.10699999999997,0.030575757575760084,0.027312121212124067,20.0,0.0,0.6387973290613987,0.0,0.09217877705680166,0.6511814281458328,lime,red
2026-08-21 18:57:00,424.15,424.17,424.1,424.16,10035,0.11285714285714984,424.15,424.025,424.21400000000006,424.11400000000003,0.026363636363641838,0.026312121212124635,10.0,0.0,0.6349993557707845,0.10878301187972284,-0.0,0.6607585670581102,green,orange
2026-08-21 18:58:00,424.19,424.22,424.1,424.16,11842,0.11000000000000552,424.145,424.025,424.204,424.11800000000005,0.02200000000000703,0.022281818181821136,0.0,30.0,0.6330893622130768,0.049607399087108206,-0.0,0.6134463385301387,lime,red
2026-08-21 18:59:00,424.16,424.175,424.08,424.175,11958,0.10178571428571916,424.145,424.025,424.1965,424.10999999999996,0.019454545454551532,0.017918181818184605,0.0,20.0,0.630273468590947,0.11037172068711243,-0.0,0.5511012799676109,green,red
2026-08-21 19:00:00,424.19,424.29,424.13,424.148,17368,0.10678571428572273,424.18,424.025,424.2025,424.108,0.016196969696974258,0.016100000000001342,100.0,10.0,0.6298907339050385,0.0,0.14481716375200904,0.5030600568337604,lime,red
2026-08-21 19:01:00,424.13,424.13,423.99,424.01,17153,0.11164285714286441,424.14,424.025,424.10200000000003,424.1955,0.012787878787882316,0.025865151515155,90.0,100.0,0.6294378265659887,0.0,1.140024213802917,0.45883141009164774,green,red
2026-08-21 19:02:00,424.03,424.17,423.9312,424.16,7747,0.11012857142858122,424.1106,424.025,424.08812,424.19750000000005,0.022515151515157567,0.030501515151519762,80.0,100.0,0.6319790483003298,0.16093919956460923,-0.0,0.4116282811394285,green,orange
2026-08-21 19:03:00,424.16,424.26,424.05,424.06,20590,0.11870000000001012,424.1106,424.025,424.07812,424.20349999999996,0.027242424242431156,0.03914545454546146,70.0,90.0,0.6334292578173257,0.0,0.6164933306968123,0.37078708565195484,lime,red
2026-08-21 19:04:00,424.0501,424.055,423.91,423.98,22166,0.12370000000000557,424.1,424.025,424.04912,424.18500000000006,0.027575757575764016,0.04693333333333902,60.0,100.0,0.6326449652391516,0.0,1.0749775828401198,0.3053152119950937,green,red
2026-08-21 19:05:00,423.96,423.98,423.61,423.74,29562,0.13941428571429323,423.95000000000005,423.96500000000003,423.99712,424.162,0.023696969696974848,0.06975151515152024,50.0,100.0,0.6400085155867603,0.0,2.570656383425103,0.4427850966707183,green,red
2026-08-21 19:06:00,423.785,423.84,423.77,423.8,14464,0.13941428571429323,423.95000000000005,423.96500000000003,423.96711999999997,424.129,0.02554545454545887,0.07760000000000432,40.0,90.0,0.6373084304308914,0.0,1.5593431202609054,0.5194196252522261,green,orange
2026-08-21 19:07:00,423.795,423.97,423.78,423.95,9204,0.14941428571429632,423.95000000000005,423.96500000000003,423.93512,424.10900000000004,0.0387272727272742,0.07463030303030695,30.0,80.0,0.6379653461265845,0.0,0.10307953092819844,0.5354039397279848,green,orange
2026-08-21 19:08:00,423.95,423.98,423.87,423.8999,9337,0.15441428571429583,423.95000000000005,423.96500000000003,423.91211999999996,424.08500000000004,0.044090909090908785,0.06851818181818385,20.0,70.0,0.6356556926653191,0.0,0.3975729634430536,0.5507474207051928,green,red
2026-08-21 19:09:00,423.9,423.94,423.86,423.8737,7469,0.1537000000000067,423.935,423.96500000000003,423.89012,424.06149999999997,0.04218181818181702,0.06284454545454768,10.0,60.0,0.6322591357386652,0.0,0.45218094659730923,0.5677329462482703,green,red
2026-08-21 19:10:00,423.88,423.92,423.82,423.92,12818,0.1537000000000067,423.935,423.96500000000003,423.85911999999996,424.0245,0.039709090909092415,0.05431696969697194,0.0,50.0,0.6296365443812794,0.030700900745159743,-0.0,0.5678185934768862,green,orange
2026-08-21 19:11:00,423.9,423.95,423.85,423.9,8536,0.1558428571428619,423.935,423.96500000000003,423.84512000000007,424.00649999999996,0.03550333333333621,0.045230303030308505,20.0,40.0,0.6270401789374653,0.0,0.0673227333925297,0.5826583880830185,lime,red
2026-08-21 19:12:00,423.88,423.99,423.88,423.99,7974,0.15512857142857683,423.8325,423.96500000000003,423.98850000000004,423.84,0.037841212121218104,0.03590060606061291,10.0,30.0,0.6248397771480911,0.6463889234322551,-0.0,0.57446793446627,green,orange
2026-08-21 19:13:00,423.99,424.08,423.98,424.055,12590,0.1554857142857153,423.845,423.96500000000003,423.9705,423.83299999999997,0.04236303030303723,0.026761818181825162,0.0,20.0,0.622291379376609,1.018711287920837,-0.0,0.5527389193763383,green,red
2026-08-21 19:14:00,424.055,424.1,424.0,424.0,14845,0.15120000000000086,423.935,423.95000000000005,423.975,423.842,0.04196060606061306,0.023283636363643116,100.0,10.0,0.6197684655828438,0.4372691371486326,-0.0,0.521019706005518,lime,red
2026-08-21 19:15:00,424.02,424.02,423.9,423.92,16660,0.14848571428571436,423.94,423.95000000000005,423.979,423.871,0.03664909090909712,0.026244848484853294,90.0,0.0,0.6180107809270154,0.0,0.20274701102380277,0.5128051002948268,lime,red
2026-08-21 19:16:00,423.9215,423.94,423.78,423.8,10589,0.14285714285714285,423.94,423.95000000000005,423.872,423.98900000000003,0.029170909090914573,0.03793333333333704,80.0,0.0,0.6177506731177461,0.0,0.9890531440964878,0.5279342635955118,green,red
2026-08-21 19:17:00,423.79,423.94,423.79,423.92,8044,0.1385714285714284,423.94,423.95000000000005,423.87300000000005,423.98600000000005,0.03314727272727792,0.041849090909093695,70.0,0.0,0.6171231663865678,0.1292432262408738,-0.0,0.5040734881098388,green,orange
2026-08-21 19:18:00,423.915,424.0,423.88,423.96,16664,0.1364285714285732,423.94,423.95000000000005,423.87399999999997,423.988,0.03776000000000122,0.039461818181820436,60.0,80.0,0.6153919347227024,0.4295695195037297,-0.0,0.47236379528874295,green,red
2026-08-21 19:19:00,423.97,424.03,423.95,424.01,11541,0.11571428571428603,423.94,423.95000000000005,423.997,423.883,0.042069696969696396,0.03353000000000145,50.0,70.0,0.6121980153754747,0.7317673900712407,-0.0,0.43129584100483953,green,red
2026-08-21 19:20:00,424.0,424.05,423.96,424.005,21660,0.11500000000000503,423.94,423.95000000000005,424.01000000000005,423.89700000000005,0.039409696969695256,0.02859454545454575,40.0,60.0,0.6094060352217212,0.5653210790933372,-0.0,0.39478074040471256,lime,red
2026-08-21 19:21:00,423.99,424.07,423.95,423.96,17238,0.11000000000000146,423.94,423.95000000000005,424.02200000000005,423.907,0.03401909090908913,0.027863636363637204,30.0,50.0,0.607751974869504,0.1412925325462311,-0.0,0.3906454057000701,lime,red
2026-08-21 19:22:00,423.99,424.08,423.96,424.0,20782,0.11071428571428653,423.94,423.95000000000005,424.03099999999995,423.91499999999996,0.0308787878787877,0.025439393939395264,20.0,40.0,0.6061144551208092,0.41772267377211847,-0.0,0.3394046201108267,green,red
2026-08-21 19:23:00,423.975,424.08,423.97,424.04,11245,0.11285714285714173,423.92999999999995,423.95000000000005,424.03100000000006,423.91399999999993,0.03075757575757862,0.021333333333334942,10.0,30.0,0.6041233105695994,0.629538622898167,-0.0,0.33373402795598395,green,red
2026-08-21 19:24:00,424.035,424.05,423.97,424.01,11212,0.11142857142856753,423.92999999999995,423.95000000000005,424.026,423.91099999999994,0.028742424242428764,0.01851515151515569,0.0,20.0,0.6010420774639028,0.2857529577056539,-0.0,0.33810126378591576,lime,red
2026-08-21 19:25:00,423.98,424.056,423.9716,424.0,10901,0.11031428571428137,423.935,423.95000000000005,424.0296,423.91816,0.024606060606065443,0.015924242424247233,70.0,10.0,0.5981544566892623,0.1567385139514954,-0.0,0.2860584433196891,lime,red
2026-08-21 19:26:00,423.96,424.03,423.93,423.95,13252,0.10959999999999225,423.98,423.935,424.03860000000003,423.93316000000004,0.019333333333337796,0.01745454545455111,60.0,0.0,0.5958729121223684,0.0,0.23330685952259955,0.2485214410842218,lime,red
2026-08-21 19:27:00,423.98,423.98,423.88,423.9,16983,0.1095999999999963,423.98,423.935,423.94215999999994,424.04260000000005,0.014060606060610152,0.02193939393940034,50.0,0.0,0.5936141830011455,0.0,0.5362391964632707,0.2538734897224231,green,red
2026-08-21 19:28:00,423.9,423.9,423.6,423.62,19167,0.12388571428570572,423.84000000000003,423.93,423.91416,424.0326,0.00987878787879164,0.04872727272727682,40.0,100.0,0.5987780411711323,0.0,2.4187504097807278,0.39169150608870495,green,red
2026-08-21 19:29:00,423.624,423.69,423.58,423.59,15262,0.12317142857142065,423.83,423.84000000000003,423.87716,423.9986,0.006787878787881916,0.06409090909091385,30.0,100.0,0.5968602607594216,0.0,2.071216455433955,0.5002946497553467,green,orange
2026-08-21 19:30:00,423.6,423.74,423.6,423.65,20640,0.12245714285713559,423.83,423.84000000000003,423.84116000000006,423.96760000000006,0.010212121212123811,0.0664242424242473,20.0,90.0,0.5964416581518285,0.0,1.1291745657774754,0.5585922152069998,green,orange
2026-08-21 19:31:00,423.65,423.74,423.59,423.605,17151,0.12245714285713964,423.83,423.84000000000003,423.80516,423.93459999999993,0.011696969696971633,0.062469696969698035,10.0,80.0,0.5960272415703115,0.0,1.1320856258373624,0.623378739101554,green,red
2026-08-21 19:32:00,423.605,423.66,423.59,423.62,19227,0.11888571428571433,423.818,423.84000000000003,423.76815999999997,423.8926,0.012515151515151502,0.056181818181816175,0.0,70.0,0.5926569691546103,0.0,0.6906958794371576,0.664506940081651,green,orange
2026-08-21 19:33:00,423.61,423.69,423.54,423.56,15822,0.12388571428571384,423.798,423.82000000000005,423.72515999999996,423.85360000000003,0.011106060606059292,0.05399999999999671,0.0,100.0,0.5922803994630633,0.0,0.8754680624144839,0.7016551857807372,green,red
2026-08-21 19:34:00,423.55,423.59,423.46,423.46,14547,0.1267428571428541,423.745,423.78,423.6741599999999,423.8076,0.009757575757573946,0.057181818181816994,10.0,100.0,0.5911675954684326,0.0,1.29743523639263,0.7711263120961576,green,red
2026-08-21 19:35:00,423.49,423.53,423.37,423.46,19474,0.12959999999999436,423.675,423.735,423.61400000000003,423.755,0.008272727272725605,0.05451515151515172,0.0,100.0,0.5911759195137472,0.0,0.8953019939445994,0.8327152794178119,green,orange
2026-08-21 19:36:00,423.48,423.51,423.395,423.4201,16480,0.12924285714285183,423.635,423.735,423.56050000000005,423.703,0.006909090909089449,0.05011212121212097,0.0,90.0,0.58951916031861,0.0,0.8564990034841458,0.9015059256876157,green,orange
2026-08-21 19:37:00,423.43,423.53,423.42,423.525,12907,0.12924285714285183,423.555,423.735,423.51450000000006,423.658,0.015081818181815698,0.04140999999999915,0.0,80.0,0.5876939687154223,0.22325261586161105,-0.0,0.9214424889084967,green,orange
2026-08-21 19:38:00,423.52,423.61,423.461,423.47,47463,0.13417142857142444,423.555,423.735,423.5006,423.629,0.019122121212118235,0.03704484848484302,0.0,70.0,0.5873300290282681,0.0,0.08133232756335929,0.9391863036681798,lime,red
2026-08-21 19:39:00,423.46,423.57,423.36,423.56,16532,0.14314285714285443,423.55,423.73,423.47860000000003,423.617,0.02752969696969172,0.032183030303022435,10.0,100.0,0.5892267287379847,0.7219852504033497,-0.0,0.9173479896151093,green,orange
2026-08-21 19:40:00,423.57,423.74,423.57,423.69,40309,0.14885714285714308,423.55,423.72,423.617,423.47559999999993,0.040713333333326836,0.027442424242415924,0.0,90.0,0.5899944614506052,1.6303168542202684,-0.0,0.8774067575882327,green,red
2026-08-21 19:41:00,423.685,423.74,423.617221,423.7001,24885,0.1504842142857155,423.55,423.72,423.617,423.47832209999996,0.046966666666662084,0.021898787878780874,0.0,80.0,0.5886373398361004,1.4625730469060727,-0.0,0.8438270801586896,lime,red
2026-08-21 19:42:00,423.7,423.7,423.62,423.655,13320,0.13477707142857703,423.55,423.72,423.621,423.48132210000006,0.045458484848482306,0.020955151515149876,80.0,70.0,0.58571466643774,0.9181746446313355,-0.0,0.7924741099200219,lime,red
2026-08-21 19:43:00,423.65,423.71,423.62,423.7,12702,0.13334850000000284,423.55,423.72,423.62299999999993,423.48932210000004,0.04365878787878804,0.018507575757577357,70.0,60.0,0.5831875197733617,1.1280599460337726,-0.0,0.7148852643673536,green,red
2026-08-21 19:44:00,423.69,423.69,423.55,423.6,15639,0.1333484999999988,423.55,423.72,423.633,423.49832210000005,0.03984060606060746,0.02419272727272717,60.0,50.0,0.5829056445756272,0.23861897197491544,-0.0,0.6340068521540161,lime,red
2026-08-21 19:45:00,423.58,423.63,423.524002,423.63,21545,0.13020549999999634,423.55,423.72,423.64300000000003,423.5137223,0.0371587878787874,0.025707878787876965,50.0,40.0,0.5809985141298709,0.47237753677677574,-0.0,0.5339745451744875,green,red
2026-08-21 19:46:00,423.67,423.72,423.56,423.57,20038,0.13663407142856596,423.55,423.72,423.66399999999993,423.5302223,0.031795151515149715,0.029829090909088956,40.0,30.0,0.581108528988573,0.00398464553256872,-0.0,0.4339760533653134,lime,red
2026-08-21 19:47:00,423.58,423.87,423.55,423.86,48426,0.14877692857142424,423.615,423.72,423.69800000000004,423.54322229999997,0.05170424242424215,0.02891909090908984,100.0,20.0,0.587137443698687,2.1497852618426805,-0.0,0.41152744252008233,green,red
2026-08-21 19:48:00,423.86,423.99,423.86,423.94,40695,0.14877692857142424,423.757001,423.72,423.736,423.5831223,0.06741545454545433,0.026069090909090573,100.0,10.0,0.5860760692617,2.2987767958534278,-0.0,0.5133522173954361,green,red
2026-08-21 19:49:00,423.92,424.06,423.9196,424.03,36865,0.1473769285714265,423.792001,423.71000000000004,423.785,423.6390823,0.07824727272727011,0.021839999999999832,100.0,0.0,0.5854101085690829,2.461106039926335,-0.0,0.6333826765029471,green,red
2026-08-21 19:50:00,424.01,424.06,423.85,423.92,33830,0.15416264285713868,423.792001,423.71000000000004,423.817,423.66708230000006,0.07409393939393498,0.02794424242423819,90.0,50.0,0.5873260074833913,1.1243428432379687,-0.0,0.6827857906741883,lime,red
2026-08-21 19:51:00,423.93,424.01,423.91,423.955,33345,0.1534483571428536,423.792001,423.71000000000004,423.84400000000005,423.69636019999996,0.06891030303029518,0.02988181818181143,80.0,40.0,0.5851527474085562,1.1052338675574447,-0.0,0.733758180550808,lime,red
2026-08-21 19:52:00,423.96,424.06,423.94,424.03,35195,0.1513769285714253,423.792001,423.71000000000004,423.88,423.72836020000005,0.0673184848484747,0.02781939393938625,70.0,30.0,0.5837412199344707,1.364846677296896,-0.0,0.8005856107603222,green,red
2026-08-21 19:53:00,424.03,424.12,423.98,423.985,54590,0.14637692857142579,423.822001,423.74,423.921,423.7643602,0.06195454545453475,0.02659121212120164,100.0,20.0,0.5830838077351256,0.6911547569785625,-0.0,0.8334889600181441,lime,red
2026-08-21 19:54:00,423.99,424.04,423.91,424.035,50629,0.1428054999999964,423.83500000000004,423.74,423.95599999999996,423.8003602,0.05768181818180964,0.023863636363624995,90.0,10.0,0.5820629696577742,0.837508326451939,-0.0,0.8479538555891395,green,red
2026-08-21 19:55:00,424.03,424.035,423.7,423.88,75906,0.15796414285713922,423.83500000000004,423.74,423.9965,423.81796,0.04921212121211487,0.03463636363635539,80.0,0.0,0.5886373399611977,0.0,0.5291663222703846,0.8150916862524582,lime,red
2026-08-21 19:56:00,423.88,423.895,423.72,423.725,57169,0.16474271428570628,423.90999999999997,423.74,423.83396000000005,424.014,0.039333333333328564,0.052499999999992386,70.0,10.0,0.5892259665615841,0.0,1.5938924279930688,0.7518988785228657,green,red
